Maximum Temperature,Minimum Temperature,Temperature,Precipitation,Snow,Snow Depth,Wind Speed,Wind Direction,Visibility,Cloud Cover,Relative Humidity,Conditions,date,id
35.5,26.7,30.2,0.29,0.0,0.0,13.6,281.33,8.0,92.6,85.7,"Rain, Overcast",2019-01-01,1040
31.1,27.5,29.3,0.0,0.0,0.0,16.2,215.5,7.5,88.0,82.67,Overcast,2019-01-02,654
39.6,25.0,31.9,0.0,0.0,0.0,14.6,220.88,9.7,14.9,75.29,Clear,2019-01-03,752
49.5,31.9,38.4,0.0,0.0,0.0,11.3,247.21,9.9,13.4,68.89,Clear,2019-01-04,767
53.1,31.6,40.8,0.0,0.0,0.0,14.2,261.75,9.9,27.3,75.09,Partially cloudy,2019-01-05,792
40.5,35.7,38.8,0.0,0.0,0.0,17.4,85.13,9.9,71.2,73.63,Partially cloudy,2019-01-06,664
54.2,41.1,46.2,0.39,0.0,0.0,22.2,194.75,8.6,79.1,82.93,"Rain, Overcast",2019-01-07,676
46.2,26.8,39.7,0.0,0.0,0.0,26.4,261.33,8.3,75.8,70.72,Overcast,2019-01-08,700
25.9,17.5,20.7,0.0,0.0,0.0,20.9,310.83,9.7,75.9,57.29,Overcast,2019-01-09,631
25.0,15.0,20.1,0.0,0.0,0.0,13.6,224.29,9.9,65.8,65.49,Partially cloudy,2019-01-10,686
30.8,22.0,27.3,0.0,0.0,0.0,9.5,159.5,9.4,85.9,71.24,Overcast,2019-01-11,784
31.1,29.8,30.5,0.08,2.21,2.21,18.3,91.17,4.7,92.3,80.9,"Snow, Overcast",2019-01-12,672
31.7,27.7,29.5,0.0,1.33,3.54,15.8,81.29,8.4,84.7,74.66,"Snow, Overcast",2019-01-13,573
28.0,22.6,25.4,0.0,0.0,2.71,13.0,269.5,8.3,89.5,80.37,Overcast,2019-01-14,635
32.0,25.0,27.6,0.0,0.0,2.1,17.2,246.21,7.1,96.4,84.55,Overcast,2019-01-15,696
34.2,28.8,31.9,0.0,0.0,1.97,13.1,143.92,9.2,93.8,70.38,Overcast,2019-01-16,699
34.9,29.4,32.0,0.0,0.0,1.71,8.9,160.67,7.3,91.9,78.5,Overcast,2019-01-17,653
31.9,28.5,30.1,0.02,3.44,4.63,17.8,158.5,8.1,95.0,75.46,"Snow, Overcast",2019-01-18,667
28.8,14.9,25.3,0.08,3.54,8.17,25.0,81.17,4.2,87.6,83.89,"Snow, Overcast",2019-01-19,520
16.0,6.4,11.3,0.0,0.89,9.06,17.9,335.13,9.2,39.3,61.93,"Snow, Partially cloudy",2019-01-20,493
15.8,6.7,11.4,0.0,0.0,7.54,14.2,162.38,9.0,72.6,60.38,Partially cloudy,2019-01-21,555
34.5,13.2,24.8,0.11,0.0,6.75,15.1,176.04,6.2,88.9,75.32,"Rain, Overcast",2019-01-22,624
34.5,20.7,27.7,0.2,0.0,5.32,14.6,262.25,5.3,92.5,88.55,"Rain, Overcast",2019-01-23,661
22.1,3.8,14.8,0.0,0.0,4.6,20.7,261.42,6.6,58.5,78.84,Partially cloudy,2019-01-24,607
6.2,-4.5,1.5,0.01,0.49,4.82,15.1,268.38,8.4,52.1,69.02,"Snow, Partially cloudy",2019-01-25,586
12.4,-5.1,5.1,0.03,1.03,5.85,12.3,258.83,7.7,52.8,71.17,"Snow, Partially cloudy",2019-01-26,531
10.8,-1.8,4.8,0.0,2.04,7.88,12.2,257.63,9.8,43.8,65.08,"Snow, Partially cloudy",2019-01-27,522
34.3,8.8,20.3,0.29,2.99,10.88,20.8,221.13,3.7,86.6,82.91,"Snow, Overcast",2019-01-28,521
10.6,-7.3,2.9,0.0,0.15,11.02,19.2,267.17,8.5,57.8,65.82,"Snow, Partially cloudy",2019-01-29,494
-8.5,-21.4,-16.0,0.0,0.0,10.24,20.7,267.29,9.9,19.8,57.84,Clear,2019-01-30,341
0.9,-19.5,-10.0,0.04,0.74,10.58,12.5,205.88,7.5,51.9,65.09,"Snow, Partially cloudy",2019-01-31,458
20.3,1.8,12.2,0.0,0.44,11.02,10.2,134.29,8.1,66.5,74.71,"Snow, Partially cloudy",2019-02-01,773
40.7,15.0,31.3,0.0,0.0,10.76,13.6,203.29,5.8,82.5,86.55,Overcast,2019-02-02,722
46.4,37.9,43.4,0.0,0.0,7.22,13.1,200.88,7.4,90.6,93.25,Overcast,2019-02-03,594
51.2,31.9,44.6,0.03,0.0,2.89,14.9,229.5,8.0,90.8,88.62,"Rain, Overcast",2019-02-04,735
33.0,26.3,30.0,0.25,0.0,0.0,14.0,121.46,9.1,96.2,80.08,"Rain, Overcast",2019-02-05,652
37.1,33.3,34.5,0.05,0.0,0.0,13.0,133.04,4.7,90.9,93.07,"Rain, Overcast",2019-02-06,636
44.8,12.0,32.5,0.47,0.0,0.0,28.5,160.25,4.1,91.1,89.81,"Rain, Overcast",2019-02-07,670
14.3,5.6,9.7,0.0,0.0,0.0,25.3,271.42,9.0,57.5,62.44,Partially cloudy,2019-02-08,642
24.9,6.6,15.7,0.0,0.0,0.0,9.8,148.96,9.9,39.1,64.11,Partially cloudy,2019-02-09,756
28.8,23.0,26.0,0.04,0.25,0.25,9.9,117.21,6.9,85.7,74.54,"Snow, Overcast",2019-02-10,638
31.9,28.6,30.1,0.13,0.42,0.67,19.3,65.04,5.7,98.3,85.75,"Snow, Overcast",2019-02-11,624
32.8,21.8,30.4,0.32,0.74,1.39,21.5,183.58,2.8,94.0,89.85,"Snow, Overcast",2019-02-12,665
27.9,12.8,20.2,0.0,0.44,1.83,22.7,245.75,8.6,59.8,76.18,"Snow, Partially cloudy",2019-02-13,643
45.8,29.0,39.8,0.0,0.0,1.06,18.1,207.25,9.9,71.4,70.41,Partially cloudy,2019-02-14,742
33.0,11.1,18.4,0.0,0.0,0.13,20.4,289.17,9.4,57.8,66.8,Partially cloudy,2019-02-15,739
29.7,16.5,23.1,0.0,0.0,0.0,14.3,195.13,9.9,94.8,67.62,Overcast,2019-02-16,676
28.5,25.3,26.7,0.1,1.97,1.97,14.9,74.04,5.7,89.3,82.05,"Snow, Overcast",2019-02-17,617
29.6,21.3,25.7,0.05,1.18,3.15,12.2,216.71,6.7,74.2,76.24,"Snow, Partially cloudy",2019-02-18,590
32.4,13.9,24.6,0.0,0.0,3.13,11.1,140.38,9.9,67.9,68.08,Partially cloudy,2019-02-19,611
36.7,28.9,32.7,0.06,0.0,2.62,17.6,158.5,6.2,94.2,84.1,"Rain, Overcast",2019-02-20,632
34.4,26.4,30.3,0.0,0.49,1.2,17.8,266.67,9.7,61.2,62.31,"Snow, Partially cloudy",2019-02-21,696
38.7,22.6,31.0,0.0,0.0,0.66,10.9,104.21,9.2,48.1,67.89,Partially cloudy,2019-02-22,713
48.6,34.8,37.5,0.48,0.0,0.0,15.7,103.25,4.3,91.9,84.69,"Rain, Overcast",2019-02-23,647
47.5,14.4,30.6,0.04,0.0,0.0,35.0,257.54,9.8,69.0,72.53,"Rain, Partially cloudy",2019-02-24,547
20.7,8.2,15.1,0.0,0.0,0.0,21.4,301.25,9.9,53.6,48.29,Partially cloudy,2019-02-25,595
24.2,16.8,21.0,0.0,0.0,0.0,15.8,92.04,9.0,86.6,65.8,Overcast,2019-02-26,608
30.3,17.1,25.1,0.0,0.0,0.0,16.1,237.67,9.0,79.5,67.29,Overcast,2019-02-27,649
27.5,13.1,20.7,0.0,0.0,0.0,11.4,197.21,9.9,55.4,62.84,Partially cloudy,2019-02-28,594
33.2,24.4,29.3,0.0,0.0,0.0,9.0,103.67,9.9,80.1,65.84,Overcast,2019-03-01,749
33.5,27.7,29.8,0.0,0.0,0.0,13.9,218.04,8.6,84.8,70.98,Overcast,2019-03-02,663
27.2,7.5,19.6,0.0,0.0,0.0,14.7,324.71,9.9,56.7,54.02,Partially cloudy,2019-03-03,551
13.5,-2.2,5.9,0.0,0.0,0.0,18.2,272.13,9.9,39.5,56.24,Partially cloudy,2019-03-04,544
20.4,8.8,14.0,0.0,0.0,0.0,21.2,277.46,8.8,68.8,55.57,Partially cloudy,2019-03-05,541
30.4,9.9,20.5,0.0,0.0,0.0,19.2,264.75,9.9,38.1,53.03,Partially cloudy,2019-03-06,628
27.7,16.1,23.0,0.0,0.0,0.0,11.9,161.96,9.9,63.2,61.21,Partially cloudy,2019-03-07,609
38.8,22.8,30.8,0.0,0.0,0.0,8.6,92.42,7.9,80.6,73.66,Overcast,2019-03-08,717
43.0,28.7,36.4,0.45,0.0,0.0,24.8,121.75,6.8,86.5,82.95,"Rain, Overcast",2019-03-09,617
38.7,30.6,35.5,0.0,0.0,0.0,27.0,259.5,9.9,71.1,73.46,Partially cloudy,2019-03-10,612
41.6,27.9,33.3,0.0,0.0,0.0,14.5,278.54,9.9,36.8,55.96,Partially cloudy,2019-03-11,700
48.3,25.7,38.4,0.0,0.0,0.0,14.6,170.5,9.8,38.5,59.91,Partially cloudy,2019-03-12,627
59.9,40.8,49.6,0.43,0.0,0.0,17.1,170.75,8.6,77.2,74.94,"Rain, Overcast",2019-03-13,688
62.7,40.7,52.5,0.37,0.0,0.0,26.4,201.63,9.4,83.0,78.64,"Rain, Overcast",2019-03-14,674
40.5,33.9,37.4,0.0,0.0,0.0,22.6,269.13,8.7,78.4,76.05,Overcast,2019-03-15,734
42.0,28.8,34.7,0.0,0.0,0.0,13.2,257.79,9.9,26.0,57.32,Partially cloudy,2019-03-16,766
44.2,29.5,36.2,0.0,0.0,0.0,15.4,220.58,9.9,56.8,58.61,Partially cloudy,2019-03-17,611
42.9,28.2,36.2,0.0,0.0,0.0,13.7,278.46,9.6,53.2,62.82,Partially cloudy,2019-03-18,651
49.7,30.8,41.0,0.0,0.0,0.0,12.9,230.88,9.9,49.5,53.94,Partially cloudy,2019-03-19,643
44.8,39.8,42.1,0.1,0.0,0.0,13.5,215.54,7.4,82.9,79.17,"Rain, Overcast",2019-03-20,691
44.8,37.0,40.2,0.0,0.0,0.0,15.1,279.58,8.0,73.6,78.17,Partially cloudy,2019-03-21,689
44.7,32.4,38.6,0.0,0.0,0.0,19.4,152.13,9.9,15.6,64.71,Clear,2019-03-22,709
52.2,26.5,40.0,0.0,0.0,0.0,8.9,166.46,9.9,24.6,58.99,Clear,2019-03-23,690
50.3,35.5,43.9,0.1,0.0,0.0,18.2,117.5,9.4,84.0,66.93,"Rain, Overcast",2019-03-24,648
40.9,30.4,36.1,0.0,0.0,0.0,22.2,53.83,9.7,30.5,57.81,Partially cloudy,2019-03-25,639
45.7,27.2,36.7,0.0,0.0,0.0,9.0,131.0,9.9,22.9,42.08,Clear,2019-03-26,671
58.0,30.3,45.7,0.06,0.0,0.0,17.8,182.0,9.8,57.7,41.91,"Rain, Partially cloudy",2019-03-27,698
64.6,45.0,52.2,0.01,0.0,0.0,16.4,157.88,9.8,79.8,60.49,"Rain, Overcast",2019-03-28,683
55.5,39.0,46.2,0.27,0.0,0.0,11.8,61.04,9.1,79.5,61.78,"Rain, Overcast",2019-03-29,674
43.7,31.4,38.3,0.26,0.0,0.0,21.6,185.58,8.8,73.7,73.29,"Rain, Partially cloudy",2019-03-30,663
38.8,24.5,31.4,0.0,0.0,0.0,16.8,252.29,9.7,36.3,45.52,Partially cloudy,2019-03-31,637
48.2,27.3,38.8,0.0,0.0,0.0,21.4,200.04,9.9,51.2,53.54,Partially cloudy,2019-04-01,790
55.4,38.4,44.9,0.0,0.0,0.0,22.0,232.42,9.8,52.8,58.71,Partially cloudy,2019-04-02,658
58.4,37.7,48.6,0.0,0.0,0.0,16.4,269.58,9.9,44.8,49.12,Partially cloudy,2019-04-03,680
48.6,39.5,44.1,0.29,0.0,0.0,14.9,98.25,7.8,85.9,84.04,"Rain, Overcast",2019-04-04,662
55.5,40.3,46.7,0.0,0.0,0.0,9.3,125.21,7.3,90.8,78.34,Overcast,2019-04-05,703
64.0,41.4,52.7,0.0,0.0,0.0,12.2,102.13,6.5,59.7,76.51,Partially cloudy,2019-04-06,742
68.9,52.5,59.9,0.18,0.0,0.0,19.1,193.54,9.7,70.8,73.42,"Rain, Partially cloudy",2019-04-07,703
73.2,52.9,63.5,0.0,0.0,0.0,13.6,255.88,9.9,55.6,55.11,Partially cloudy,2019-04-08,744
65.6,43.0,57.4,0.0,0.0,0.0,25.1,277.5,9.9,28.7,43.67,Partially cloudy,2019-04-09,693
41.2,35.5,38.5,0.08,0.0,0.0,23.8,48.71,9.6,72.8,77.8,"Rain, Partially cloudy",2019-04-10,659
58.5,38.4,47.4,0.25,0.0,0.0,20.7,103.92,9.3,67.3,70.01,"Rain, Partially cloudy",2019-04-11,748
52.0,39.6,47.5,0.17,0.0,0.0,28.1,230.21,9.4,52.4,54.22,"Rain, Partially cloudy",2019-04-12,778
52.7,36.5,43.8,0.0,0.0,0.0,16.6,215.63,9.9,44.2,48.13,Partially cloudy,2019-04-13,754
39.6,32.9,34.9,0.38,0.0,0.0,22.6,119.88,4.3,85.8,84.42,"Rain, Overcast",2019-04-14,536
52.5,31.7,43.3,0.0,1.13,1.13,12.2,241.83,9.6,52.2,61.67,"Snow, Partially cloudy",2019-04-15,722
72.7,47.4,57.1,0.0,0.0,0.34,14.6,155.5,9.9,67.9,62.44,Partially cloudy,2019-04-16,707
75.3,46.8,61.6,0.0,0.0,0.0,20.7,131.13,8.5,66.6,65.71,Partially cloudy,2019-04-17,691
65.2,44.3,53.0,0.43,0.0,0.0,16.0,239.13,8.4,80.2,82.16,"Rain, Overcast",2019-04-18,627
49.5,41.2,44.9,0.0,0.0,0.0,28.6,15.58,9.9,58.8,60.39,Partially cloudy,2019-04-19,650
64.2,40.7,51.7,0.0,0.0,0.0,23.6,75.08,9.9,14.4,30.43,Clear,2019-04-20,730
77.9,45.3,62.9,0.0,0.0,0.0,15.1,192.04,9.9,41.3,29.62,Partially cloudy,2019-04-21,645
79.9,59.0,68.4,0.13,0.0,0.0,22.1,183.0,9.9,57.6,45.56,"Rain, Partially cloudy",2019-04-22,735
66.0,50.5,55.7,0.0,0.0,0.0,16.9,221.52,9.5,80.4,69.49,Overcast,2019-04-23,742
62.4,45.0,54.5,0.0,0.0,0.0,10.6,104.29,9.9,72.6,52.65,Partially cloudy,2019-04-24,702
65.4,48.5,57.0,0.04,0.0,0.0,22.6,80.42,9.8,57.3,52.36,"Rain, Partially cloudy",2019-04-25,766
63.7,49.7,56.1,0.08,0.0,0.0,22.7,314.33,9.7,29.1,48.57,"Rain, Partially cloudy",2019-04-26,760
49.4,32.9,38.1,0.75,0.0,0.0,22.1,66.0,5.6,77.7,80.32,"Rain, Overcast",2019-04-27,629
51.0,33.1,43.1,0.0,0.0,0.0,13.7,124.17,9.7,48.2,54.3,Partially cloudy,2019-04-28,605
51.6,43.8,47.8,1.24,0.0,0.0,20.1,175.21,7.5,85.1,84.83,"Rain, Overcast",2019-04-29,716
47.9,39.4,44.4,1.02,0.0,0.0,16.6,57.25,4.6,91.5,93.96,"Rain, Overcast",2019-04-30,729
59.2,44.5,52.1,0.81,0.0,0.0,16.0,162.04,7.4,88.7,89.18,"Rain, Overcast",2019-05-01,809
48.0,43.0,44.6,0.41,0.0,0.0,12.8,45.13,4.5,97.9,93.52,"Rain, Overcast",2019-05-02,698
55.3,43.6,48.7,0.02,0.0,0.0,15.6,58.38,9.8,63.5,71.1,"Rain, Partially cloudy",2019-05-03,791
61.4,41.7,52.3,0.0,0.0,0.0,11.1,136.38,9.9,40.2,60.03,Partially cloudy,2019-05-04,699
73.2,45.7,61.3,0.0,0.0,0.0,12.5,211.29,9.9,32.6,52.54,Partially cloudy,2019-05-05,779
68.6,46.6,56.5,0.01,0.0,0.0,14.5,122.33,9.9,67.3,67.54,"Rain, Partially cloudy",2019-05-06,790
49.2,44.4,46.5,0.46,0.0,0.0,18.4,45.17,8.6,90.5,77.68,"Rain, Overcast",2019-05-07,700
70.6,46.7,57.1,0.18,0.0,0.0,17.0,90.21,9.7,73.9,65.35,"Rain, Partially cloudy",2019-05-08,759
68.1,49.1,59.1,1.07,0.0,0.0,18.0,215.29,7.4,84.3,80.59,"Rain, Overcast",2019-05-09,737
54.9,45.4,49.3,0.0,0.0,0.0,13.5,202.5,9.9,57.2,63.28,Partially cloudy,2019-05-10,797
52.5,44.9,47.5,0.08,0.0,0.0,14.1,71.08,9.9,82.7,69.3,"Rain, Overcast",2019-05-11,696
52.2,43.0,46.7,0.07,0.0,0.0,15.2,72.38,9.9,81.4,71.01,"Rain, Overcast",2019-05-12,631
60.0,44.3,51.6,0.0,0.0,0.0,14.0,151.46,9.9,44.7,61.06,Partially cloudy,2019-05-13,790
68.6,43.1,57.8,0.0,0.0,0.0,12.8,139.08,9.9,36.5,48.56,Partially cloudy,2019-05-14,719
74.8,51.8,65.1,0.0,0.0,0.0,7.7,216.71,9.9,48.2,51.44,Partially cloudy,2019-05-15,763
76.0,59.8,67.5,0.12,0.0,0.0,14.5,171.46,9.7,65.1,72.86,"Rain, Partially cloudy",2019-05-16,740
67.5,45.9,52.1,0.29,0.0,0.0,20.1,61.83,9.6,77.1,75.34,"Rain, Overcast",2019-05-17,775
81.7,44.9,60.8,0.39,0.0,0.0,12.6,127.88,9.3,63.0,78.18,"Rain, Partially cloudy",2019-05-18,758
73.5,50.9,64.7,0.29,0.0,0.0,27.0,210.29,9.1,69.2,74.87,"Rain, Partially cloudy",2019-05-19,774
56.0,47.8,51.0,0.0,0.0,0.0,16.3,197.58,9.9,84.4,64.84,Overcast,2019-05-20,808
55.5,46.5,50.6,0.07,0.0,0.0,21.3,89.92,9.7,82.1,71.63,"Rain, Overcast",2019-05-21,728
82.2,50.8,67.9,0.89,0.0,0.0,21.4,168.75,9.0,70.2,69.28,"Rain, Partially cloudy",2019-05-22,772
75.4,63.9,70.0,0.06,0.0,0.0,19.3,253.79,9.9,35.5,57.9,"Rain, Partially cloudy",2019-05-23,773
74.3,56.0,64.1,0.19,0.0,0.0,14.1,123.17,9.7,65.6,71.28,"Rain, Partially cloudy",2019-05-24,847
82.2,71.9,76.6,0.0,0.0,0.0,16.3,241.29,9.9,58.5,66.46,Partially cloudy,2019-05-25,875
73.6,55.3,66.8,0.01,0.0,0.0,11.3,151.38,9.9,60.7,66.37,"Rain, Partially cloudy",2019-05-26,826
74.3,54.6,64.3,1.16,0.0,0.0,13.6,101.83,8.7,62.7,77.7,"Rain, Partially cloudy",2019-05-27,747
70.8,52.2,61.6,0.61,0.0,0.0,23.9,159.79,9.1,71.5,85.26,"Rain, Partially cloudy",2019-05-28,747
73.1,52.4,61.8,0.14,0.0,0.0,9.4,167.33,7.9,72.2,81.72,"Rain, Partially cloudy",2019-05-29,737
77.5,61.4,68.3,0.15,0.0,0.0,12.7,177.79,9.4,55.9,70.94,"Rain, Partially cloudy",2019-05-30,745
82.0,61.0,72.7,0.0,0.0,0.0,16.3,214.08,9.9,59.5,64.17,Partially cloudy,2019-05-31,831
78.4,54.5,67.2,0.1,0.0,0.0,19.0,183.54,9.8,65.3,74.43,"Rain, Partially cloudy",2019-06-01,917
69.3,53.3,61.0,0.0,0.0,0.0,15.5,175.71,9.9,32.0,53.39,Partially cloudy,2019-06-02,734
66.3,50.5,58.2,0.0,0.0,0.0,10.7,77.29,9.9,58.1,50.6,Partially cloudy,2019-06-03,707
82.7,58.6,70.3,0.22,0.0,0.0,17.5,200.75,9.5,64.7,61.99,"Rain, Partially cloudy",2019-06-04,771
83.5,60.3,72.1,0.38,0.0,0.0,14.6,164.17,9.0,58.2,76.35,"Rain, Partially cloudy",2019-06-05,789
74.1,56.7,65.3,0.0,0.0,0.0,9.6,60.04,7.7,64.6,78.4,Partially cloudy,2019-06-06,741
79.3,56.6,67.8,0.0,0.0,0.0,15.5,40.58,9.9,29.9,67.98,Partially cloudy,2019-06-07,823
76.3,60.5,69.4,0.0,0.0,0.0,15.0,63.54,9.9,47.9,58.05,Partially cloudy,2019-06-08,888
72.6,65.6,68.3,0.02,0.0,0.0,10.1,60.71,8.6,85.0,78.49,"Rain, Overcast",2019-06-09,805
74.6,61.6,67.7,0.0,0.0,0.0,20.1,275.5,9.4,39.9,54.11,Partially cloudy,2019-06-10,798
82.0,57.4,70.9,0.0,0.0,0.0,12.7,188.54,9.9,39.2,39.69,Partially cloudy,2019-06-11,775
72.5,57.3,65.6,0.6,0.0,0.0,13.2,213.5,9.4,69.2,63.19,"Rain, Partially cloudy",2019-06-12,715
67.9,52.6,59.3,0.07,0.0,0.0,21.2,314.46,9.9,63.8,60.58,"Rain, Partially cloudy",2019-06-13,701
79.7,52.6,67.1,0.05,0.0,0.0,21.9,221.0,9.9,40.9,50.72,"Rain, Partially cloudy",2019-06-14,806
70.9,56.5,65.5,0.15,0.0,0.0,14.6,165.71,7.6,85.4,82.13,"Rain, Overcast",2019-06-15,830
62.4,55.9,57.9,0.09,0.0,0.0,13.4,96.38,6.2,95.1,89.66,"Rain, Overcast",2019-06-16,721
67.4,55.8,60.6,0.0,0.0,0.0,9.0,48.38,8.9,93.4,80.58,Overcast,2019-06-17,751
78.8,56.9,66.9,0.0,0.0,0.0,8.3,82.67,7.2,68.5,73.42,Partially cloudy,2019-06-18,716
71.7,56.2,64.0,0.2,0.0,0.0,13.5,53.71,8.5,72.5,80.33,"Rain, Partially cloudy",2019-06-19,803
69.7,56.1,61.2,0.3,0.0,0.0,15.5,182.38,7.8,79.4,83.59,"Rain, Overcast",2019-06-20,732
71.5,53.1,63.1,0.0,0.0,0.0,13.3,74.46,9.9,51.9,59.53,Partially cloudy,2019-06-21,780
80.1,60.7,71.2,0.0,0.0,0.0,19.1,90.83,9.9,66.4,63.85,Partially cloudy,2019-06-22,825
81.8,64.9,73.5,0.35,0.0,0.0,16.2,134.88,9.7,64.5,77.55,"Rain, Partially cloudy",2019-06-23,808
78.0,67.7,72.1,0.2,0.0,0.0,20.2,226.17,9.7,65.9,80.86,"Rain, Partially cloudy",2019-06-24,810
84.8,62.4,75.5,0.05,0.0,0.0,21.7,235.04,9.9,29.3,61.35,"Rain, Partially cloudy",2019-06-25,784
88.3,69.6,77.9,0.15,0.0,0.0,10.5,199.96,9.9,62.4,60.54,"Rain, Partially cloudy",2019-06-26,798
89.5,69.1,77.6,0.01,0.0,0.0,12.0,187.25,9.9,51.0,69.81,"Rain, Partially cloudy",2019-06-27,750
89.4,73.2,79.0,0.31,0.0,0.0,14.2,198.5,9.7,54.0,68.45,"Rain, Partially cloudy",2019-06-28,846
85.9,71.1,79.0,0.0,0.0,0.0,11.2,150.96,9.9,39.9,66.48,Partially cloudy,2019-06-29,863
88.8,73.0,77.6,0.24,0.0,0.0,20.0,127.57,9.9,51.1,70.68,"Rain, Partially cloudy",2019-06-30,804
89.1,69.9,80.5,0.0,0.0,0.0,11.9,265.29,9.9,41.8,68.38,Partially cloudy,2019-07-01,904
92.0,73.9,82.9,0.89,0.0,0.0,18.7,217.46,9.7,52.5,69.14,"Rain, Partially cloudy",2019-07-02,769
84.3,70.9,77.3,0.16,0.0,0.0,12.2,148.0,9.9,58.2,77.56,"Rain, Partially cloudy",2019-07-03,805
90.7,70.7,80.1,0.0,0.0,0.0,13.0,183.46,9.1,52.9,71.66,Partially cloudy,2019-07-04,800
91.5,75.8,82.9,0.03,0.0,0.0,11.2,230.29,9.7,57.7,69.08,"Rain, Partially cloudy",2019-07-05,890
83.4,69.3,76.9,0.01,0.0,0.0,18.2,72.54,9.7,47.5,71.54,"Rain, Partially cloudy",2019-07-06,815
77.5,67.2,71.7,0.0,0.0,0.0,16.5,38.88,9.9,70.0,63.03,Partially cloudy,2019-07-07,774
81.9,64.1,72.2,0.0,0.0,0.0,11.3,86.75,9.9,39.8,53.73,Partially cloudy,2019-07-08,830
88.0,65.9,77.6,0.0,0.0,0.0,11.4,126.88,9.7,45.9,57.53,Partially cloudy,2019-07-09,743
94.7,76.0,85.4,0.0,0.0,0.0,14.6,245.33,9.9,42.2,56.57,Partially cloudy,2019-07-10,837
80.7,68.5,75.5,0.0,0.0,0.0,13.6,141.08,9.9,27.9,62.61,Partially cloudy,2019-07-11,764
87.4,61.6,75.5,0.0,0.0,0.0,10.5,235.04,9.9,7.4,55.28,Clear,2019-07-12,787
92.7,72.9,81.6,0.11,0.0,0.0,15.7,191.13,9.9,47.6,60.34,"Rain, Partially cloudy",2019-07-13,893
88.7,72.1,80.0,0.0,0.0,0.0,14.5,84.63,9.9,37.9,59.07,Partially cloudy,2019-07-14,789
91.3,74.8,82.4,0.0,0.0,0.0,19.6,220.67,9.9,30.5,58.66,Partially cloudy,2019-07-15,821
81.9,71.9,77.4,0.12,0.0,0.0,10.3,176.79,9.5,65.4,80.41,"Rain, Partially cloudy",2019-07-16,754
88.1,74.5,81.3,0.42,0.0,0.0,10.5,143.83,9.8,59.0,74.07,"Rain, Partially cloudy",2019-07-17,803
87.9,71.7,79.8,1.25,0.0,0.0,21.3,193.58,8.7,52.7,82.3,"Rain, Partially cloudy",2019-07-18,760
93.5,81.2,87.0,0.0,0.0,0.0,15.9,218.13,9.9,51.3,73.26,Partially cloudy,2019-07-19,801
95.6,75.6,83.8,0.14,0.0,0.0,19.5,178.0,9.9,62.2,71.79,"Rain, Partially cloudy",2019-07-20,826
78.1,71.2,74.0,0.93,0.0,0.0,18.5,54.17,9.8,62.5,75.76,"Rain, Partially cloudy",2019-07-21,774
74.9,66.0,70.5,0.0,0.0,0.0,20.3,74.0,9.9,38.7,57.7,Partially cloudy,2019-07-22,790
79.9,62.2,71.0,0.0,0.0,0.0,13.9,189.21,9.9,28.4,59.94,Partially cloudy,2019-07-23,787
79.4,62.1,72.0,0.0,0.0,0.0,10.0,159.5,9.9,12.1,52.81,Clear,2019-07-24,745
84.1,63.7,74.9,0.0,0.0,0.0,9.0,197.08,9.9,20.9,50.36,Clear,2019-07-25,799
84.8,67.9,76.9,0.0,0.0,0.0,15.6,184.92,9.9,49.8,58.74,Partially cloudy,2019-07-26,816
88.8,72.1,80.6,0.0,0.0,0.0,18.2,218.92,9.9,34.0,57.64,Partially cloudy,2019-07-27,825
89.5,73.3,81.8,0.0,0.0,0.0,18.1,223.29,9.9,47.3,59.71,Partially cloudy,2019-07-28,831
80.4,73.0,76.6,0.59,0.0,0.0,13.0,221.63,9.8,53.6,75.71,"Rain, Partially cloudy",2019-07-29,815
77.8,67.0,72.4,0.0,0.0,0.0,12.6,143.25,9.9,41.0,68.95,Partially cloudy,2019-07-30,776
75.5,63.0,69.3,0.0,0.0,0.0,14.7,109.71,9.9,29.9,61.86,Partially cloudy,2019-07-31,713
79.6,59.6,70.8,0.0,0.0,0.0,11.6,163.38,9.9,19.1,60.17,Clear,2019-08-01,905
82.2,63.2,73.8,0.0,0.0,0.0,10.5,127.58,9.9,32.9,60.94,Partially cloudy,2019-08-02,881
88.1,63.7,77.1,0.0,0.0,0.0,9.7,111.63,9.9,44.0,55.82,Partially cloudy,2019-08-03,869
84.9,73.0,78.4,0.0,0.0,0.0,9.9,64.58,9.9,46.8,62.98,Partially cloudy,2019-08-04,842
90.0,71.3,80.9,0.0,0.0,0.0,14.1,204.25,9.9,40.4,59.31,Partially cloudy,2019-08-05,808
84.0,69.9,75.4,0.19,0.0,0.0,13.5,207.08,9.6,61.6,72.27,"Rain, Partially cloudy",2019-08-06,783
87.5,68.3,78.4,0.0,0.0,0.0,14.8,238.83,9.9,28.8,60.36,Partially cloudy,2019-08-07,778
86.8,72.0,78.9,0.05,0.0,0.0,19.8,280.71,9.9,31.5,53.0,"Rain, Partially cloudy",2019-08-08,818
82.1,62.6,73.2,0.0,0.0,0.0,8.8,231.29,9.9,24.4,53.29,Clear,2019-08-09,795
83.5,68.1,75.1,0.0,0.0,0.0,11.9,203.17,9.9,56.6,54.05,Partially cloudy,2019-08-10,798
82.6,69.3,75.5,0.0,0.0,0.0,13.0,193.04,9.9,65.0,64.55,Partially cloudy,2019-08-11,802
82.8,72.7,76.4,0.41,0.0,0.0,9.8,174.54,7.5,71.8,84.0,"Rain, Partially cloudy",2019-08-12,709
83.7,71.3,75.9,0.33,0.0,0.0,10.7,174.33,7.9,61.7,80.75,"Rain, Partially cloudy",2019-08-13,762
80.9,66.5,72.8,0.31,0.0,0.0,16.0,201.92,9.9,54.7,77.72,"Rain, Partially cloudy",2019-08-14,792
77.4,64.5,71.1,0.0,0.0,0.0,12.8,183.5,9.9,44.7,71.3,Partially cloudy,2019-08-15,812
83.7,64.6,73.9,0.02,0.0,0.0,15.7,189.5,9.9,61.0,69.66,"Rain, Partially cloudy",2019-08-16,774
77.9,69.1,73.7,0.07,0.0,0.0,8.9,180.5,9.8,53.9,82.05,"Rain, Partially cloudy",2019-08-17,811
82.6,69.9,74.9,1.14,0.0,0.0,18.8,208.92,9.6,44.0,79.36,"Rain, Partially cloudy",2019-08-18,759
83.8,70.6,77.5,0.0,0.0,0.0,8.7,92.71,9.9,57.5,74.77,Partially cloudy,2019-08-19,787
77.5,70.2,74.2,0.23,0.0,0.0,11.0,216.88,9.1,48.3,87.16,"Rain, Partially cloudy",2019-08-20,731
83.2,65.2,74.5,0.01,0.0,0.0,13.9,215.13,9.9,41.1,79.09,"Rain, Partially cloudy",2019-08-21,721
76.4,67.5,72.2,0.0,0.0,0.0,16.6,169.67,9.9,51.5,62.66,Partially cloudy,2019-08-22,754
73.6,64.9,69.2,0.0,0.0,0.0,15.6,50.79,9.9,26.8,57.46,Partially cloudy,2019-08-23,780
74.1,63.2,69.1,0.0,0.0,0.0,14.7,85.67,9.9,42.3,56.78,Partially cloudy,2019-08-24,818
76.9,61.9,70.3,0.0,0.0,0.0,14.6,113.04,9.9,51.6,56.27,Partially cloudy,2019-08-25,766
76.9,65.8,71.6,0.84,0.0,0.0,16.4,165.33,9.2,78.8,82.7,"Rain, Overcast",2019-08-26,729
79.4,65.7,72.7,0.0,0.0,0.0,13.9,255.71,9.9,48.6,68.29,Partially cloudy,2019-08-27,731
75.6,60.6,68.6,0.0,0.0,0.0,21.9,256.58,9.9,21.6,56.46,Clear,2019-08-28,752
84.6,59.5,72.7,0.0,0.0,0.0,23.7,229.88,9.9,27.1,64.28,Partially cloudy,2019-08-29,772
73.6,62.0,68.5,0.0,0.0,0.0,10.3,194.54,9.9,53.7,54.15,Partially cloudy,2019-08-30,765
74.5,63.5,68.2,0.02,0.0,0.0,16.2,81.29,9.9,66.3,61.1,"Rain, Partially cloudy",2019-08-31,775
71.9,62.2,67.3,0.66,0.0,0.0,12.0,109.63,9.1,74.0,80.8,"Rain, Partially cloudy",2019-09-01,884
82.9,61.8,72.6,0.0,0.0,0.0,8.8,232.5,8.6,29.1,72.46,Partially cloudy,2019-09-02,777
80.9,67.9,73.4,0.18,0.0,0.0,22.1,218.92,9.7,50.1,78.02,"Rain, Partially cloudy",2019-09-03,675
71.2,61.5,65.6,0.0,0.0,0.0,12.0,163.92,9.9,50.3,67.41,Partially cloudy,2019-09-04,683
71.9,56.8,64.9,0.0,0.0,0.0,10.0,137.83,9.9,51.9,64.41,Partially cloudy,2019-09-05,647
73.1,65.1,68.4,0.0,0.0,0.0,16.8,217.13,9.9,80.9,71.35,Overcast,2019-09-06,771
78.6,57.4,68.1,0.0,0.0,0.0,14.3,232.25,9.9,47.1,67.54,Partially cloudy,2019-09-07,735
67.5,62.7,64.9,0.04,0.0,0.0,12.1,84.58,9.9,68.0,71.27,"Rain, Partially cloudy",2019-09-08,720
76.9,62.6,68.9,0.02,0.0,0.0,10.2,107.42,9.9,66.2,77.79,"Rain, Partially cloudy",2019-09-09,778
90.0,72.7,80.4,0.0,0.0,0.0,18.2,205.71,9.9,65.4,67.4,Partially cloudy,2019-09-10,721
89.4,74.5,81.3,0.05,0.0,0.0,17.4,219.25,9.6,55.3,73.2,"Rain, Partially cloudy",2019-09-11,749
79.3,66.8,72.7,0.55,0.0,0.0,11.1,98.71,8.7,64.8,84.74,"Rain, Partially cloudy",2019-09-12,784
76.7,63.6,72.2,1.08,0.0,0.0,21.4,235.71,9.3,56.1,74.18,"Rain, Partially cloudy",2019-09-13,817
80.5,57.6,69.7,0.0,0.0,0.0,12.9,224.29,9.9,23.3,65.72,Clear,2019-09-14,763
77.2,64.3,71.4,0.55,0.0,0.0,15.2,200.21,9.3,66.3,80.16,"Rain, Partially cloudy",2019-09-15,783
74.2,66.2,70.5,0.0,0.0,0.0,10.0,113.88,7.9,71.4,86.31,Partially cloudy,2019-09-16,807
77.9,65.7,70.5,0.0,0.0,0.0,10.4,91.13,8.4,76.8,81.39,Overcast,2019-09-17,777
82.5,63.9,72.9,0.0,0.0,0.0,11.3,153.38,9.9,29.5,67.48,Partially cloudy,2019-09-18,755
82.8,64.6,73.8,0.0,0.0,0.0,10.9,165.17,9.9,41.3,59.29,Partially cloudy,2019-09-19,788
84.5,68.8,76.3,0.02,0.0,0.0,7.7,171.58,9.6,57.2,71.96,"Rain, Partially cloudy",2019-09-20,814
79.1,72.2,75.2,0.28,0.0,0.0,17.4,199.58,9.6,47.8,78.47,"Rain, Partially cloudy",2019-09-21,757
77.6,68.5,72.4,0.92,0.0,0.0,18.2,213.25,8.7,74.3,85.27,"Rain, Partially cloudy",2019-09-22,657
73.9,61.2,67.5,0.08,0.0,0.0,17.5,287.25,9.9,36.3,67.33,"Rain, Partially cloudy",2019-09-23,766
79.1,58.6,68.9,0.0,0.0,0.0,17.0,224.21,9.9,34.1,64.36,Partially cloudy,2019-09-24,755
79.0,65.5,70.6,0.0,0.0,0.0,16.9,244.63,9.9,66.8,59.93,Partially cloudy,2019-09-25,712
71.9,56.7,65.5,0.0,0.0,0.0,13.3,275.58,9.9,39.0,49.02,Partially cloudy,2019-09-26,710
69.8,60.1,65.0,1.31,0.0,0.0,18.0,195.0,8.4,67.8,70.3,"Rain, Partially cloudy",2019-09-27,667
67.7,58.2,61.3,0.55,0.0,0.0,16.2,62.13,7.1,88.0,89.07,"Rain, Overcast",2019-09-28,699
68.0,61.6,64.3,0.71,0.0,0.0,13.7,88.63,8.1,81.6,91.53,"Rain, Overcast",2019-09-29,712
85.9,64.6,75.8,0.0,0.0,0.0,16.5,168.17,7.2,51.5,77.11,Partially cloudy,2019-09-30,752
87.0,72.6,79.7,0.0,0.0,0.0,11.9,216.13,9.9,59.5,69.65,Partially cloudy,2019-10-01,874
81.9,59.5,63.7,0.22,0.0,0.0,13.8,103.13,5.7,91.1,90.09,"Rain, Overcast",2019-10-02,729
67.4,53.1,61.5,0.72,0.0,0.0,18.6,276.96,8.9,71.6,78.84,"Rain, Partially cloudy",2019-10-03,727
58.2,47.7,53.5,0.0,0.0,0.0,15.2,169.96,9.9,60.1,72.83,Partially cloudy,2019-10-04,715
64.4,49.1,56.4,0.27,0.0,0.0,13.6,149.29,9.5,60.3,74.46,"Rain, Partially cloudy",2019-10-05,722
67.7,50.9,59.9,0.0,0.0,0.0,15.1,259.67,9.8,50.4,60.81,Partially cloudy,2019-10-06,670
70.6,49.6,59.6,0.0,0.0,0.0,14.4,263.0,9.9,24.3,57.22,Clear,2019-10-07,745
70.6,48.8,59.2,0.0,0.0,0.0,8.0,118.29,9.9,8.0,60.5,Clear,2019-10-08,711
70.7,52.2,61.1,0.0,0.0,0.0,12.6,127.67,9.9,34.2,57.01,Partially cloudy,2019-10-09,732
70.3,55.3,63.9,0.03,0.0,0.0,12.6,137.88,9.7,67.4,71.44,"Rain, Partially cloudy",2019-10-10,645
67.7,40.0,55.0,0.57,0.0,0.0,18.1,222.71,9.2,82.7,80.84,"Rain, Overcast",2019-10-11,728
55.0,36.9,45.6,0.0,0.0,0.0,23.0,225.13,9.9,44.2,49.18,Partially cloudy,2019-10-12,730
54.0,39.0,46.4,0.0,0.0,0.0,20.6,264.29,9.9,64.3,58.86,Partially cloudy,2019-10-13,697
54.7,38.4,46.4,0.0,0.0,0.0,12.1,242.83,9.9,33.8,58.16,Partially cloudy,2019-10-14,684
64.1,42.2,52.4,0.01,0.0,0.0,21.0,190.83,9.6,58.7,69.1,"Rain, Partially cloudy",2019-10-15,739
52.0,43.7,48.1,0.0,0.0,0.0,19.9,301.75,9.9,75.8,62.22,Overcast,2019-10-16,740
54.4,42.1,47.0,0.0,0.0,0.0,10.2,241.08,9.9,59.8,69.11,Partially cloudy,2019-10-17,676
59.9,39.7,49.5,0.0,0.0,0.0,12.4,124.42,9.9,37.2,67.92,Partially cloudy,2019-10-18,704
69.4,45.9,57.0,0.0,0.0,0.0,13.3,183.08,9.9,40.2,57.17,Partially cloudy,2019-10-19,716
60.1,50.4,54.7,0.0,0.0,0.0,10.4,199.25,8.4,67.0,80.34,Partially cloudy,2019-10-20,720
67.0,51.4,58.5,0.08,0.0,0.0,24.0,156.96,8.5,61.6,73.85,"Rain, Partially cloudy",2019-10-21,711
52.8,47.7,49.7,0.04,0.0,0.0,22.4,235.5,9.8,61.3,64.89,"Rain, Partially cloudy",2019-10-22,660
59.4,40.6,49.6,0.01,0.0,0.0,13.6,211.58,9.9,41.2,59.03,"Rain, Partially cloudy",2019-10-23,699
50.6,43.0,46.9,0.01,0.0,0.0,13.3,219.46,9.9,57.6,71.33,"Rain, Partially cloudy",2019-10-24,716
49.2,41.9,45.6,0.0,0.0,0.0,7.3,279.29,9.9,51.6,66.13,Partially cloudy,2019-10-25,750
50.0,38.5,44.9,2.13,0.0,0.0,22.0,56.67,6.6,72.1,86.6,"Rain, Partially cloudy",2019-10-26,558
58.1,43.7,50.7,0.15,0.0,0.0,21.6,251.21,9.0,32.7,74.09,"Rain, Partially cloudy",2019-10-27,701
51.1,41.8,47.3,0.0,0.0,0.0,8.2,228.13,9.3,60.5,80.62,Partially cloudy,2019-10-28,658
46.8,37.5,40.0,0.13,0.0,0.0,15.4,276.96,7.7,85.5,81.07,"Rain, Overcast",2019-10-29,635
41.5,33.1,38.5,0.72,1.13,1.13,18.4,82.25,5.0,91.3,88.41,"Snow, Overcast",2019-10-30,577
38.3,28.6,33.0,0.23,1.23,1.23,20.4,302.25,3.8,78.5,88.37,"Snow, Overcast",2019-10-31,588
45.3,24.5,34.3,0.0,0.74,1.97,14.4,221.08,9.3,50.0,71.66,"Snow, Partially cloudy",2019-11-01,843
43.8,35.9,39.0,0.0,0.0,0.0,17.1,260.25,8.9,84.8,72.14,Overcast,2019-11-02,664
52.8,31.5,42.0,0.0,0.0,0.0,16.6,204.29,9.9,66.3,64.1,Partially cloudy,2019-11-03,718
51.6,41.6,47.4,0.0,0.0,0.0,14.5,245.83,9.9,68.7,59.91,Partially cloudy,2019-11-04,671
41.2,31.3,36.9,0.0,0.0,0.0,17.0,274.75,9.9,33.9,58.14,Partially cloudy,2019-11-05,634
55.6,32.4,40.4,0.0,0.0,0.0,19.5,196.92,9.5,85.1,60.29,Overcast,2019-11-06,661
31.4,22.4,27.6,0.0,0.0,0.0,17.0,330.46,9.3,40.3,58.11,Partially cloudy,2019-11-07,661
31.9,17.4,25.0,0.0,0.0,0.0,11.2,266.13,9.9,41.8,49.89,Partially cloudy,2019-11-08,680
46.8,28.0,37.4,0.0,0.0,0.0,15.6,214.5,9.9,74.2,50.81,Partially cloudy,2019-11-09,710
43.9,37.1,40.8,0.01,0.0,0.0,12.5,142.83,9.7,85.6,70.5,"Rain, Overcast",2019-11-10,650
36.2,16.5,26.1,0.17,1.87,1.87,23.2,283.96,5.1,73.5,79.61,"Snow, Partially cloudy",2019-11-11,494
17.9,8.5,13.5,0.0,0.49,2.36,18.7,295.13,9.9,17.2,56.21,Snow,2019-11-12,545
26.6,11.7,19.4,0.0,0.79,2.75,19.3,195.63,9.8,80.6,57.14,"Snow, Overcast",2019-11-13,578
30.5,24.9,28.1,0.0,0.0,2.64,12.9,266.04,8.9,87.0,72.72,Overcast,2019-11-14,578
37.5,22.1,29.4,0.0,0.0,2.32,9.6,223.96,9.0,41.0,72.88,Partially cloudy,2019-11-15,756
41.8,28.8,34.0,0.0,0.96,2.35,11.8,122.13,8.9,36.1,75.69,"Snow, Partially cloudy",2019-11-16,663
41.5,28.6,34.6,0.02,0.0,2.12,8.9,166.88,9.2,70.7,76.19,"Rain, Partially cloudy",2019-11-17,701
40.6,35.4,37.6,0.0,0.0,0.0,8.3,261.29,6.3,93.1,84.58,Overcast,2019-11-18,683
41.3,35.8,38.6,0.03,0.0,0.0,8.7,194.92,6.9,86.9,81.39,"Rain, Overcast",2019-11-19,682
48.0,39.4,42.9,0.0,0.0,0.0,14.0,216.71,6.4,82.4,81.66,Overcast,2019-11-20,729
55.6,41.5,47.3,0.46,0.0,0.0,25.2,225.17,8.6,90.0,81.47,"Rain, Overcast",2019-11-21,662
40.4,30.4,34.7,0.04,0.0,0.0,15.4,223.29,9.9,51.9,66.59,"Rain, Partially cloudy",2019-11-22,727
39.8,26.8,32.6,0.0,0.0,0.0,11.0,202.88,9.9,48.3,76.1,Partially cloudy,2019-11-23,702
50.0,33.0,41.6,0.0,0.0,0.0,12.2,231.38,9.9,61.0,70.84,Partially cloudy,2019-11-24,697
54.5,37.6,44.7,0.0,0.0,0.0,12.0,215.04,9.9,43.4,73.81,Partially cloudy,2019-11-25,691
47.3,33.7,41.9,0.33,0.0,0.0,12.4,104.04,8.0,61.8,80.08,"Rain, Partially cloudy",2019-11-26,678
55.9,35.4,43.7,0.21,0.0,0.0,32.6,243.67,9.1,89.6,74.85,"Rain, Overcast",2019-11-27,637
37.6,32.1,35.0,0.0,0.0,0.0,17.7,267.67,9.8,92.2,70.29,Overcast,2019-11-28,505
39.6,35.2,37.3,0.01,0.0,0.0,11.8,164.75,8.2,82.6,87.49,"Rain, Overcast",2019-11-29,648
40.2,36.1,38.4,0.2,0.0,0.0,20.6,112.58,5.3,96.0,88.11,"Rain, Overcast",2019-11-30,663
42.5,32.9,39.2,0.14,0.0,0.0,17.1,245.96,7.2,92.2,88.76,"Rain, Overcast",2019-12-01,717
35.6,30.3,32.5,0.0,0.0,0.0,17.3,312.25,9.9,88.0,75.27,Overcast,2019-12-02,709
40.0,29.8,34.3,0.0,0.0,0.0,16.8,224.83,9.7,67.5,76.16,Partially cloudy,2019-12-03,689
43.8,32.1,37.5,0.0,0.0,0.0,21.1,284.0,9.9,29.1,67.97,Partially cloudy,2019-12-04,746
45.5,28.0,37.6,0.0,0.0,0.0,11.1,209.42,9.9,35.8,72.1,Partially cloudy,2019-12-05,700
43.0,29.2,36.7,0.0,0.0,0.0,19.4,188.46,9.9,55.5,68.88,Partially cloudy,2019-12-06,736
38.3,26.2,32.3,0.0,0.0,0.0,12.6,174.13,9.9,65.2,71.28,Partially cloudy,2019-12-07,700
47.6,35.2,41.5,0.0,0.0,0.0,17.0,198.54,8.6,79.7,74.9,Overcast,2019-12-08,669
48.1,28.4,43.9,0.03,0.0,0.0,22.8,231.83,6.4,94.9,87.57,"Rain, Overcast",2019-12-09,705
26.1,16.0,20.3,0.0,0.0,0.0,18.6,269.38,9.7,54.2,61.96,Partially cloudy,2019-12-10,675
24.9,13.7,19.4,0.0,0.0,0.0,14.2,250.38,9.3,54.7,63.04,Partially cloudy,2019-12-11,604
45.1,20.2,33.1,0.0,0.0,0.0,19.3,177.17,9.4,78.6,63.52,Overcast,2019-12-12,656
45.2,35.6,39.3,0.0,0.0,0.0,11.7,185.08,9.9,61.4,63.53,Partially cloudy,2019-12-13,731
35.7,26.4,31.9,0.0,0.0,0.0,17.3,269.21,8.2,74.9,78.79,Partially cloudy,2019-12-14,682
26.8,19.8,24.3,0.0,0.0,0.0,13.5,250.58,9.9,72.2,66.65,Partially cloudy,2019-12-15,655
30.6,25.0,28.0,0.0,0.0,0.0,12.0,276.08,7.6,86.5,78.63,Overcast,2019-12-16,624
29.8,19.7,25.7,0.0,0.0,0.0,18.1,291.33,9.9,57.1,74.2,Partially cloudy,2019-12-17,669
28.8,12.8,19.4,0.0,0.0,0.0,16.9,297.0,9.8,56.2,49.51,Partially cloudy,2019-12-18,652
36.8,16.3,26.1,0.0,0.0,0.0,17.2,200.46,9.4,32.3,59.67,Partially cloudy,2019-12-19,683
40.9,24.4,31.9,0.0,0.0,0.0,8.6,131.38,7.1,81.9,76.75,Overcast,2019-12-20,722
47.8,32.0,39.1,0.0,0.0,0.0,12.2,207.21,9.9,25.7,67.54,Partially cloudy,2019-12-21,745
52.7,32.4,41.1,0.0,0.0,0.0,13.0,210.33,9.9,32.4,66.51,Partially cloudy,2019-12-22,680
52.4,36.2,42.4,0.0,0.0,0.0,12.8,189.92,9.9,76.0,66.91,Overcast,2019-12-23,687
54.9,30.4,42.0,0.0,0.0,0.0,12.8,134.5,6.4,74.3,81.64,Partially cloudy,2019-12-24,623
59.0,39.1,49.5,0.0,0.0,0.0,14.2,196.21,9.9,70.5,72.71,Partially cloudy,2019-12-25,512
61.9,41.7,54.5,0.0,0.0,0.0,14.2,230.13,9.8,69.8,76.58,Partially cloudy,2019-12-26,608
40.1,30.6,35.5,0.0,0.0,0.0,15.0,258.25,8.5,74.5,78.83,Partially cloudy,2019-12-27,691
47.9,29.6,38.1,0.05,0.0,0.0,11.9,91.83,6.1,80.8,83.18,"Rain, Overcast",2019-12-28,638
57.8,48.8,54.6,0.91,0.0,0.0,17.4,179.42,7.9,77.5,89.6,"Rain, Overcast",2019-12-29,689
48.7,28.5,34.7,0.14,0.92,0.92,26.0,243.88,8.0,87.2,80.66,"Snow, Overcast",2019-12-30,615
28.8,25.6,27.2,0.02,0.66,1.57,25.3,266.33,7.7,89.4,73.71,"Snow, Overcast",2019-12-31,547
43.0,22.2,32.9,0.0,0.09,1.27,19.6,215.33,9.9,32.0,71.09,"Snow, Partially cloudy",2020-01-01,908
48.0,37.3,42.8,0.0,0.2,0.53,18.4,216.25,9.9,43.2,67.96,"Snow, Partially cloudy",2020-01-02,635
41.5,34.5,37.3,0.0,0.0,0.0,8.7,301.25,9.7,91.4,75.95,Overcast,2020-01-03,696
34.5,28.0,31.6,0.01,0.38,0.38,13.8,313.71,8.4,90.2,73.42,"Snow, Overcast",2020-01-04,637
42.9,25.0,33.5,0.0,0.0,0.13,21.2,234.63,9.8,72.8,72.45,Partially cloudy,2020-01-05,621
42.1,27.1,33.9,0.0,0.0,0.0,15.4,250.75,9.9,46.0,57.77,Partially cloudy,2020-01-06,691
41.4,28.2,34.4,0.0,0.0,0.0,17.2,254.29,9.9,64.8,61.09,Partially cloudy,2020-01-07,625
29.7,16.5,22.0,0.0,0.0,0.0,19.8,225.58,9.9,31.0,52.36,Partially cloudy,2020-01-08,646
50.2,23.4,39.8,0.03,0.0,0.0,25.2,172.04,9.8,81.8,63.72,"Rain, Overcast",2020-01-09,630
50.1,38.1,43.9,0.75,0.0,0.0,17.2,103.29,3.6,100.0,92.83,"Rain, Overcast",2020-01-10,623
38.4,26.4,33.5,0.66,0.25,0.25,27.0,42.67,3.0,90.5,91.36,"Snow, Overcast",2020-01-11,560
31.7,24.5,28.2,0.0,0.76,1.01,14.5,199.25,8.7,97.4,82.68,"Snow, Overcast",2020-01-12,574
34.5,31.7,32.7,0.0,0.0,0.94,15.5,210.13,8.9,98.1,79.22,Overcast,2020-01-13,648
41.2,29.0,35.8,0.0,0.26,0.59,15.8,231.54,7.8,68.5,83.32,"Snow, Partially cloudy",2020-01-14,662
36.7,28.1,33.5,0.0,0.0,0.0,15.7,172.71,4.7,82.1,89.25,Overcast,2020-01-15,652
30.4,15.7,22.1,0.0,0.0,0.0,17.4,272.04,9.7,61.0,60.42,Partially cloudy,2020-01-16,674
28.9,15.4,23.2,0.1,1.23,1.23,21.0,178.08,7.3,76.4,71.04,"Snow, Overcast",2020-01-17,581
36.2,7.9,26.8,0.4,1.4,2.63,27.8,223.38,6.6,98.7,82.08,"Snow, Overcast",2020-01-18,561
19.9,2.8,11.4,0.0,0.22,1.71,23.8,285.42,9.9,65.4,67.8,"Snow, Partially cloudy",2020-01-19,503
31.5,18.2,23.9,0.0,0.39,1.57,8.9,285.04,9.7,63.3,68.68,"Snow, Partially cloudy",2020-01-20,617
29.7,16.5,23.7,0.0,0.0,1.57,13.5,243.54,9.9,28.4,71.89,Partially cloudy,2020-01-21,585
34.8,25.0,29.5,0.0,0.23,1.62,15.6,192.83,9.8,77.6,66.72,"Snow, Overcast",2020-01-22,633
35.3,29.8,32.7,0.11,0.15,1.77,11.0,154.38,3.9,86.4,85.72,"Snow, Overcast",2020-01-23,592
38.2,33.9,36.1,0.33,0.0,1.64,10.8,110.13,2.5,88.7,96.01,"Rain, Overcast",2020-01-24,657
34.9,32.9,33.6,0.14,0.0,1.18,12.2,256.0,4.8,96.6,93.8,"Rain, Overcast",2020-01-25,663
33.4,28.3,31.3,0.0,0.4,1.18,13.3,261.33,8.6,98.0,86.47,"Snow, Overcast",2020-01-26,605
35.5,28.2,32.0,0.0,0.0,1.18,9.4,307.21,7.5,90.4,83.36,Overcast,2020-01-27,698
33.0,31.1,32.2,0.0,0.0,0.66,7.7,251.83,9.5,99.9,75.11,Overcast,2020-01-28,680
33.2,30.1,31.8,0.06,0.0,0.39,7.7,75.79,8.9,93.4,74.75,"Rain, Overcast",2020-01-29,618
34.3,31.1,33.0,0.0,0.12,0.39,8.5,156.08,9.1,97.9,68.18,"Snow, Overcast",2020-01-30,617
36.7,31.2,34.2,0.02,0.07,0.39,7.9,183.04,6.0,89.6,79.46,"Snow, Overcast",2020-01-31,708
37.3,33.5,34.9,0.04,0.0,0.39,16.9,227.75,6.4,91.4,84.51,"Rain, Overcast",2020-02-01,801
53.1,35.4,43.2,0.0,0.0,0.0,21.6,249.79,9.9,63.0,64.0,Partially cloudy,2020-02-02,663
45.9,30.9,38.5,0.0,0.0,0.0,17.1,64.63,9.9,49.6,75.83,Partially cloudy,2020-02-03,743
38.0,30.7,34.7,0.0,0.0,0.0,24.3,21.79,9.9,81.6,68.59,Overcast,2020-02-04,648
31.1,27.9,29.4,0.03,0.98,0.98,16.2,51.5,7.9,71.7,63.51,"Snow, Partially cloudy",2020-02-05,632
30.1,27.8,29.0,0.06,1.71,2.7,17.2,83.79,5.5,77.8,78.09,"Snow, Overcast",2020-02-06,554
37.4,22.3,30.3,0.0,0.59,3.29,12.6,295.83,9.4,62.3,55.91,"Snow, Partially cloudy",2020-02-07,693
35.3,27.9,31.1,0.0,0.42,1.98,10.5,246.29,9.5,71.9,67.47,"Snow, Partially cloudy",2020-02-08,625
37.0,23.7,31.4,0.07,0.0,1.97,17.8,193.92,6.8,82.9,81.65,"Rain, Overcast",2020-02-09,563
36.5,26.9,30.7,0.0,0.0,1.63,13.4,253.92,8.7,77.3,77.74,Overcast,2020-02-10,628
34.5,26.3,30.2,0.0,0.0,1.37,19.2,267.25,8.6,52.7,69.19,Partially cloudy,2020-02-11,640
36.4,25.0,30.5,0.17,1.49,2.67,10.9,215.33,6.7,75.8,75.24,"Snow, Overcast",2020-02-12,627
32.0,5.8,18.2,0.02,0.89,3.57,18.5,284.17,5.5,62.1,73.42,"Snow, Partially cloudy",2020-02-13,547
13.6,-1.4,6.0,0.0,0.0,3.57,11.2,246.42,9.9,4.8,57.31,Clear,2020-02-14,586
32.3,7.4,23.5,0.0,0.0,2.84,19.1,209.5,9.9,62.7,65.73,Partially cloudy,2020-02-15,593
41.4,18.1,30.2,0.0,0.49,2.68,9.2,184.46,9.7,35.2,71.0,"Snow, Partially cloudy",2020-02-16,618
40.1,29.7,35.3,0.13,0.73,1.9,15.0,120.58,6.4,85.3,78.03,"Snow, Overcast",2020-02-17,600
38.3,26.9,35.0,0.0,0.0,0.92,18.3,282.08,8.7,61.0,71.38,Partially cloudy,2020-02-18,666
29.8,16.9,23.3,0.0,0.0,0.0,13.1,317.13,9.9,42.4,45.52,Partially cloudy,2020-02-19,581
24.6,10.2,18.1,0.0,0.0,0.0,14.7,307.92,9.9,28.5,40.33,Partially cloudy,2020-02-20,600
37.2,12.2,25.0,0.0,0.0,0.0,19.1,230.96,9.9,5.6,48.85,Clear,2020-02-21,657
50.1,26.9,38.0,0.0,0.0,0.0,16.9,215.71,9.9,22.1,49.87,Clear,2020-02-22,685
55.1,33.7,43.5,0.0,0.0,0.0,15.5,225.88,9.9,25.2,54.05,Partially cloudy,2020-02-23,660
42.4,37.4,39.4,0.0,0.0,0.0,15.9,78.75,9.8,78.4,68.14,Overcast,2020-02-24,599
39.0,33.0,36.6,0.02,0.74,0.74,24.9,26.5,7.4,87.4,78.66,"Snow, Overcast",2020-02-25,516
32.3,26.4,29.5,0.01,0.85,1.59,20.2,246.38,6.7,86.7,73.58,"Snow, Overcast",2020-02-26,601
30.7,22.9,26.9,0.0,0.49,1.95,17.6,289.88,9.9,66.6,54.69,"Snow, Partially cloudy",2020-02-27,565
29.9,19.1,23.5,0.0,0.0,1.71,15.6,303.75,9.9,34.4,48.7,Partially cloudy,2020-02-28,656
35.9,17.1,27.0,0.0,0.0,0.79,12.7,253.0,9.9,11.0,45.38,Clear,2020-02-29,587
57.4,30.5,45.1,0.0,0.0,0.0,19.1,197.58,9.9,65.9,60.27,Partially cloudy,2020-03-01,724
49.9,35.3,42.2,0.0,0.0,0.0,10.9,284.04,9.9,50.0,64.89,Partially cloudy,2020-03-02,599
48.3,32.0,39.6,0.0,0.0,0.0,22.8,252.71,9.8,50.8,65.39,Partially cloudy,2020-03-03,633
48.5,35.4,41.2,0.03,0.0,0.0,13.6,255.04,9.9,39.1,56.44,"Rain, Partially cloudy",2020-03-04,623
51.8,34.2,42.1,0.0,0.0,0.0,25.7,223.08,9.9,52.5,54.62,Partially cloudy,2020-03-05,587
38.2,29.1,34.0,0.0,0.0,0.0,24.0,179.83,9.6,62.0,64.58,Partially cloudy,2020-03-06,706
52.4,24.1,38.2,0.0,0.0,0.0,17.3,178.75,9.9,19.1,55.52,Clear,2020-03-07,588
66.2,41.0,52.8,0.0,0.0,0.0,22.9,201.71,9.9,50.6,35.3,Partially cloudy,2020-03-08,639
56.8,48.5,53.7,0.8,0.0,0.0,21.1,205.71,7.8,76.8,72.0,"Rain, Overcast",2020-03-09,572
51.8,34.4,40.0,0.02,0.0,0.0,15.5,152.54,9.5,73.9,79.43,"Rain, Partially cloudy",2020-03-10,564
43.7,36.2,40.4,0.0,0.0,0.0,9.4,198.29,8.0,90.8,74.22,Overcast,2020-03-11,589
55.7,36.7,46.5,0.0,0.0,0.0,21.1,198.13,7.7,64.1,73.99,Partially cloudy,2020-03-12,633
49.0,34.4,41.9,0.0,0.0,0.0,22.2,284.58,9.9,40.6,46.1,Partially cloudy,2020-03-13,675
40.6,33.2,36.8,0.0,0.0,0.0,17.3,57.71,9.4,73.1,60.85,Partially cloudy,2020-03-14,616
39.7,34.1,35.8,0.0,0.0,0.0,13.5,43.96,9.9,57.9,65.76,Partially cloudy,2020-03-15,590
40.6,31.9,36.5,0.02,0.0,0.0,9.1,191.5,7.3,76.3,83.9,"Rain, Overcast",2020-03-16,531
47.2,36.9,40.6,0.0,0.0,0.0,15.6,216.75,9.2,53.5,55.44,Partially cloudy,2020-03-17,576
45.2,39.1,41.9,0.43,0.0,0.0,10.0,104.38,6.8,75.0,75.44,"Rain, Partially cloudy",2020-03-18,527
63.4,40.5,49.7,0.3,0.0,0.0,14.9,153.75,4.7,89.9,96.18,"Rain, Overcast",2020-03-19,471
62.1,32.0,41.3,0.03,0.0,0.0,17.8,196.83,9.7,91.4,74.42,"Rain, Overcast",2020-03-20,496
32.5,27.9,29.6,0.0,0.0,0.0,16.7,52.54,9.9,70.0,60.55,Partially cloudy,2020-03-21,439
35.3,28.1,31.8,0.11,1.31,1.31,13.1,105.67,6.8,56.8,76.31,"Snow, Partially cloudy",2020-03-22,377
43.5,33.2,36.8,0.07,0.66,1.97,8.9,280.42,6.6,77.6,84.27,"Snow, Overcast",2020-03-23,393
45.8,33.6,39.1,0.0,0.0,0.57,12.6,98.08,7.2,60.3,79.61,Partially cloudy,2020-03-24,423
55.9,33.4,46.0,0.0,0.0,0.0,15.6,142.08,8.1,35.4,76.69,Partially cloudy,2020-03-25,438
51.5,38.8,45.0,0.01,0.0,0.0,13.6,98.04,8.8,88.1,87.3,"Rain, Overcast",2020-03-26,425
49.1,37.1,43.8,0.18,0.0,0.0,13.4,51.75,3.8,94.9,93.9,"Rain, Overcast",2020-03-27,425
64.8,45.7,51.1,0.78,0.0,0.0,20.8,104.04,6.5,84.7,95.39,"Rain, Overcast",2020-03-28,468
63.2,44.1,49.4,0.01,0.0,0.0,29.3,246.75,9.8,82.1,67.99,"Rain, Overcast",2020-03-29,500
49.3,39.7,44.0,0.0,0.0,0.0,17.4,220.21,9.9,86.0,65.96,Overcast,2020-03-30,447
42.0,37.1,39.1,0.0,0.0,0.0,14.6,32.96,9.7,90.5,80.64,Overcast,2020-03-31,389
52.3,37.7,43.1,0.0,0.0,0.0,11.3,166.5,9.9,59.3,76.16,Partially cloudy,2020-04-01,519
57.7,32.8,46.1,0.0,0.0,0.0,12.5,92.21,9.9,42.0,64.08,Partially cloudy,2020-04-02,377
68.7,46.2,56.5,0.0,0.0,0.0,12.2,125.29,9.9,83.5,54.35,Overcast,2020-04-03,508
55.0,37.7,42.9,0.08,0.0,0.0,13.8,182.08,9.5,79.5,82.6,"Rain, Overcast",2020-04-04,447
49.4,36.7,42.2,0.0,0.0,0.0,15.8,85.33,9.9,52.4,61.63,Partially cloudy,2020-04-05,405
63.7,36.4,51.2,0.11,0.0,0.0,13.2,121.58,9.8,63.0,68.63,"Rain, Partially cloudy",2020-04-06,451
79.9,55.1,66.3,0.29,0.0,0.0,18.5,197.92,8.9,54.7,74.55,"Rain, Partially cloudy",2020-04-07,455
69.0,49.6,55.6,0.22,0.0,0.0,15.7,129.42,7.9,58.6,81.01,"Rain, Partially cloudy",2020-04-08,443
48.5,37.1,43.1,0.0,0.0,0.0,26.2,298.17,9.9,32.6,49.16,Partially cloudy,2020-04-09,426
50.0,33.8,41.2,0.0,0.0,0.0,16.2,249.63,9.9,41.7,50.65,Partially cloudy,2020-04-10,426
63.6,42.2,52.8,0.17,0.0,0.0,14.3,194.63,9.6,81.7,49.22,"Rain, Overcast",2020-04-11,448
65.8,49.0,56.6,0.0,0.0,0.0,16.0,169.17,9.8,83.0,74.81,Overcast,2020-04-12,383
55.4,35.9,40.5,0.12,0.0,0.0,25.5,289.58,9.6,72.8,58.26,"Rain, Partially cloudy",2020-04-13,396
39.5,29.9,35.2,0.0,0.0,0.0,23.5,269.25,9.8,51.2,50.27,Partially cloudy,2020-04-14,364
38.9,27.7,33.7,0.05,0.0,0.0,12.7,307.29,7.9,75.4,56.88,"Rain, Overcast",2020-04-15,411
46.1,28.6,38.3,0.0,0.0,0.0,14.1,270.21,9.9,50.6,39.11,Partially cloudy,2020-04-16,405
42.2,33.5,36.7,0.3,0.0,0.0,13.1,129.88,6.7,64.4,80.62,"Rain, Partially cloudy",2020-04-17,425
58.2,33.6,46.8,0.0,0.0,0.0,24.1,228.17,9.9,16.7,58.16,Clear,2020-04-18,462
61.5,42.1,49.9,0.0,0.0,0.0,18.4,193.0,9.9,32.8,52.1,Partially cloudy,2020-04-19,340
63.9,36.7,51.3,0.04,0.0,0.0,22.8,235.42,9.8,30.8,52.91,"Rain, Partially cloudy",2020-04-20,500
52.1,36.7,43.6,0.0,0.0,0.0,20.3,263.33,9.9,23.6,37.48,Clear,2020-04-21,418
58.7,39.8,48.1,0.03,0.0,0.0,12.0,120.75,9.8,77.6,53.48,"Rain, Overcast",2020-04-22,432
56.6,44.1,49.5,0.01,0.0,0.0,13.1,53.96,8.1,85.0,77.82,"Rain, Overcast",2020-04-23,441
47.8,42.2,44.2,0.0,0.0,0.0,11.6,43.96,5.9,95.5,83.38,Overcast,2020-04-24,440
46.0,42.7,44.2,0.49,0.0,0.0,20.1,56.96,8.5,89.6,81.99,"Rain, Overcast",2020-04-25,398
61.3,42.5,51.2,0.0,0.0,0.0,18.4,148.17,9.9,48.2,49.29,Partially cloudy,2020-04-26,422
67.6,40.5,54.9,0.38,0.0,0.0,20.7,177.0,9.3,60.8,58.52,"Rain, Partially cloudy",2020-04-27,398
74.5,52.1,62.6,0.61,0.0,0.0,17.2,193.58,7.9,62.6,79.94,"Rain, Partially cloudy",2020-04-28,465
60.7,43.1,52.4,1.8,0.0,0.0,21.0,263.71,5.3,85.0,92.78,"Rain, Overcast",2020-04-29,423
53.5,42.5,46.7,0.18,0.0,0.0,22.6,222.46,9.0,61.6,75.17,"Rain, Partially cloudy",2020-04-30,425
66.6,38.6,54.2,0.0,0.0,0.0,9.8,193.0,9.9,43.5,53.83,Partially cloudy,2020-05-01,563
76.8,58.6,67.6,0.0,0.0,0.0,16.7,237.33,9.9,65.7,48.89,Partially cloudy,2020-05-02,492
73.3,49.5,64.1,0.0,0.0,0.0,17.9,231.58,9.9,44.2,37.12,Partially cloudy,2020-05-03,490
48.5,40.7,44.0,0.0,0.0,0.0,20.7,33.83,9.9,60.7,67.78,Partially cloudy,2020-05-04,438
47.3,43.3,45.4,0.19,0.0,0.0,13.7,72.08,9.8,87.8,69.49,"Rain, Overcast",2020-05-05,437
61.0,38.7,51.6,0.0,0.0,0.0,11.2,207.88,9.9,51.2,39.56,Partially cloudy,2020-05-06,463
64.9,46.9,53.9,0.0,0.0,0.0,21.0,192.5,9.9,36.0,47.12,Partially cloudy,2020-05-07,420
46.2,35.6,40.7,0.0,0.0,0.0,22.8,39.88,9.9,55.3,53.84,Partially cloudy,2020-05-08,443
58.2,32.0,46.8,0.0,0.0,0.0,17.0,237.67,9.9,22.7,41.89,Clear,2020-05-09,463
53.5,37.4,45.6,0.35,0.0,0.0,20.6,229.33,9.3,77.4,74.83,"Rain, Overcast",2020-05-10,473
48.8,40.2,44.7,0.0,0.0,0.0,11.3,235.25,9.9,77.7,62.8,Overcast,2020-05-11,452
61.9,39.4,49.9,0.0,0.0,0.0,14.2,191.67,9.9,33.1,45.98,Partially cloudy,2020-05-12,454
68.4,44.0,57.1,0.0,0.0,0.0,17.4,136.58,9.9,53.3,39.81,Partially cloudy,2020-05-13,518
73.1,55.1,62.4,1.54,0.0,0.0,14.4,176.38,7.1,79.5,89.2,"Rain, Overcast",2020-05-14,467
75.4,57.6,66.4,1.0,0.0,0.0,13.7,180.54,8.6,68.9,77.31,"Rain, Partially cloudy",2020-05-15,548
66.3,51.4,57.3,0.13,0.0,0.0,15.5,35.88,9.7,58.4,71.63,"Rain, Partially cloudy",2020-05-16,577
67.4,53.6,61.2,3.69,0.0,0.0,13.7,139.33,4.7,86.4,96.0,"Rain, Overcast",2020-05-17,440
64.1,52.4,58.7,0.04,0.0,0.0,12.9,99.46,6.3,80.6,89.8,"Rain, Overcast",2020-05-18,500
59.1,52.4,55.4,0.17,0.0,0.0,17.9,36.92,5.1,93.3,93.89,"Rain, Overcast",2020-05-19,471
64.0,54.5,58.9,0.0,0.0,0.0,17.5,78.17,9.9,69.3,72.19,Partially cloudy,2020-05-20,536
67.0,56.2,60.9,0.0,0.0,0.0,10.7,85.96,9.6,89.4,68.98,Overcast,2020-05-21,495
68.8,57.5,62.0,0.0,0.0,0.0,10.6,85.08,7.6,62.9,80.74,Partially cloudy,2020-05-22,535
81.8,55.0,67.5,0.62,0.0,0.0,17.3,99.0,8.8,55.5,79.04,"Rain, Partially cloudy",2020-05-23,553
88.9,63.8,76.6,0.0,0.0,0.0,10.6,208.17,9.8,54.1,66.68,Partially cloudy,2020-05-24,567
87.8,69.9,77.6,0.08,0.0,0.0,12.7,198.83,9.9,58.7,66.06,"Rain, Partially cloudy",2020-05-25,643
87.8,69.4,79.7,0.0,0.0,0.0,15.4,156.13,9.9,49.8,61.91,Partially cloudy,2020-05-26,579
86.1,72.7,77.8,0.02,0.0,0.0,10.0,171.92,9.9,61.5,66.96,"Rain, Partially cloudy",2020-05-27,569
81.7,66.6,73.2,0.11,0.0,0.0,18.7,184.25,9.7,72.4,76.71,"Rain, Partially cloudy",2020-05-28,551
74.5,59.9,66.4,0.13,0.0,0.0,16.9,251.63,9.7,57.5,61.22,"Rain, Partially cloudy",2020-05-29,581
71.1,55.1,62.0,0.0,0.0,0.0,12.4,213.88,9.9,31.1,59.0,Partially cloudy,2020-05-30,923
65.3,51.5,58.8,0.0,0.0,0.0,12.1,81.21,9.9,22.6,51.23,Clear,2020-05-31,1898
75.8,54.3,66.0,0.01,0.0,0.0,18.6,189.5,9.9,52.4,46.88,"Rain, Partially cloudy",2020-06-01,889
94.0,67.1,81.0,0.0,0.0,0.0,21.0,239.17,9.9,38.0,50.97,Partially cloudy,2020-06-02,676
84.8,69.2,76.2,0.07,0.0,0.0,15.6,185.54,9.9,62.7,59.84,"Rain, Partially cloudy",2020-06-03,622
85.9,69.1,77.6,0.0,0.0,0.0,14.6,190.08,9.9,56.5,64.94,Partially cloudy,2020-06-04,528
89.1,70.3,80.0,0.0,0.0,0.0,13.7,202.08,9.9,53.6,61.82,Partially cloudy,2020-06-05,542
74.4,61.0,69.8,0.0,0.0,0.0,13.7,98.63,9.5,30.9,56.8,Partially cloudy,2020-06-06,528
77.7,58.4,68.4,0.0,0.0,0.0,11.8,67.17,9.9,43.1,58.8,Partially cloudy,2020-06-07,553
89.0,63.8,78.2,0.0,0.0,0.0,13.3,136.63,9.9,40.5,42.72,Partially cloudy,2020-06-08,524
90.0,74.3,79.6,0.29,0.0,0.0,24.6,153.38,9.3,68.6,61.97,"Rain, Partially cloudy",2020-06-09,494
83.0,62.2,73.2,0.25,0.0,0.0,25.5,231.5,9.6,64.3,75.12,"Rain, Partially cloudy",2020-06-10,499
81.7,59.2,71.7,0.0,0.0,0.0,21.1,262.63,9.9,17.9,48.21,Clear,2020-06-11,550
75.0,55.9,65.8,0.0,0.0,0.0,15.3,93.21,9.9,24.0,56.23,Clear,2020-06-12,603
66.3,53.3,59.3,0.06,0.0,0.0,17.7,47.13,9.9,54.5,61.11,"Rain, Partially cloudy",2020-06-13,504
68.6,55.7,62.0,0.0,0.0,0.0,13.8,62.04,9.9,20.5,52.45,Clear,2020-06-14,538
72.1,55.2,64.6,0.0,0.0,0.0,12.6,73.04,9.9,25.8,49.17,Partially cloudy,2020-06-15,575
83.3,57.8,71.4,0.0,0.0,0.0,12.9,95.79,9.9,20.2,55.59,Clear,2020-06-16,551
85.8,64.5,76.1,0.0,0.0,0.0,14.4,87.96,9.9,28.7,47.76,Partially cloudy,2020-06-17,602
87.5,65.5,77.8,0.0,0.0,0.0,14.5,80.83,9.9,18.1,43.48,Clear,2020-06-18,600
92.0,69.4,81.8,0.0,0.0,0.0,12.5,161.58,9.9,39.7,44.67,Partially cloudy,2020-06-19,596
89.8,71.2,80.3,0.31,0.0,0.0,19.6,191.75,9.6,55.0,56.77,"Rain, Partially cloudy",2020-06-20,654
81.6,69.8,75.8,0.04,0.0,0.0,14.2,190.5,9.8,56.9,69.74,"Rain, Partially cloudy",2020-06-21,593
84.4,67.2,74.1,0.8,0.0,0.0,13.0,179.17,9.3,55.3,77.09,"Rain, Partially cloudy",2020-06-22,668
77.5,63.0,69.3,0.0,0.0,0.0,17.7,252.38,9.9,67.3,65.39,Partially cloudy,2020-06-23,574
78.6,61.8,70.6,0.08,0.0,0.0,12.3,255.08,9.9,57.9,58.62,"Rain, Partially cloudy",2020-06-24,581
83.1,62.8,74.1,0.0,0.0,0.0,12.0,217.67,9.9,38.5,52.38,Partially cloudy,2020-06-25,612
83.3,69.6,74.1,1.4,0.0,0.0,18.4,216.04,9.2,62.6,73.86,"Rain, Partially cloudy",2020-06-26,556
88.1,71.7,79.1,0.0,0.0,0.0,12.4,246.63,9.9,54.4,72.47,Partially cloudy,2020-06-27,580
83.4,71.7,77.4,0.11,0.0,0.0,13.4,145.42,9.9,54.0,74.29,"Rain, Partially cloudy",2020-06-28,625
90.9,72.4,79.0,0.35,0.0,0.0,13.8,140.79,9.8,57.0,73.78,"Rain, Partially cloudy",2020-06-29,554
87.8,73.5,80.4,0.0,0.0,0.0,14.0,90.57,9.9,51.2,71.72,Partially cloudy,2020-06-30,569
87.3,73.7,80.4,0.0,0.0,0.0,14.2,85.29,9.7,45.3,60.57,Partially cloudy,2020-07-01,683
89.1,72.0,80.6,0.0,0.0,0.0,11.8,63.75,9.9,43.4,56.95,Partially cloudy,2020-07-02,637
88.7,69.5,80.6,0.0,0.0,0.0,11.4,147.46,9.9,34.2,54.42,Partially cloudy,2020-07-03,684
88.7,71.9,80.7,0.0,0.0,0.0,12.8,141.54,9.5,44.0,63.34,Partially cloudy,2020-07-04,744
90.7,73.1,82.7,0.0,0.0,0.0,11.8,73.92,9.3,24.4,55.83,Clear,2020-07-05,721
93.3,76.5,85.4,0.0,0.0,0.0,11.0,138.17,9.9,35.1,48.65,Partially cloudy,2020-07-06,633
93.5,75.1,84.9,0.12,0.0,0.0,13.3,202.04,9.9,36.4,55.38,"Rain, Partially cloudy",2020-07-07,551
90.6,74.6,82.1,0.0,0.0,0.0,10.2,127.0,9.9,58.9,63.97,Partially cloudy,2020-07-08,553
92.4,76.1,84.5,0.07,0.0,0.0,17.2,205.29,9.8,49.0,60.27,"Rain, Partially cloudy",2020-07-09,556
86.4,70.4,78.1,0.66,0.0,0.0,19.9,277.67,9.2,53.5,70.3,"Rain, Partially cloudy",2020-07-10,670
84.1,71.1,78.2,0.02,0.0,0.0,15.3,277.75,9.9,33.6,60.54,"Rain, Partially cloudy",2020-07-11,627
78.2,69.8,73.8,0.01,0.0,0.0,19.3,113.67,9.9,45.7,70.05,"Rain, Partially cloudy",2020-07-12,597
81.0,64.3,73.6,0.0,0.0,0.0,11.4,183.38,9.9,27.1,63.2,Partially cloudy,2020-07-13,665
84.8,67.8,77.2,0.0,0.0,0.0,14.5,178.21,9.9,38.2,55.8,Partially cloudy,2020-07-14,601
86.3,68.3,77.7,0.61,0.0,0.0,15.4,151.33,9.0,65.1,68.53,"Rain, Partially cloudy",2020-07-15,602
81.7,67.9,74.4,0.06,0.0,0.0,15.7,182.29,9.1,71.2,74.52,"Rain, Partially cloudy",2020-07-16,594
88.6,67.8,78.8,0.0,0.0,0.0,13.6,211.21,9.9,31.7,65.96,Partially cloudy,2020-07-17,657
90.0,76.5,83.5,0.0,0.0,0.0,16.6,199.38,9.9,51.3,72.77,Partially cloudy,2020-07-18,649
83.7,72.1,78.9,0.48,0.0,0.0,16.7,238.0,9.6,54.5,74.69,"Rain, Partially cloudy",2020-07-19,627
84.8,67.3,76.8,0.0,0.0,0.0,10.5,220.92,9.9,60.4,60.21,Partially cloudy,2020-07-20,647
80.8,73.0,75.8,0.05,0.0,0.0,9.6,118.54,9.9,68.8,69.92,"Rain, Partially cloudy",2020-07-21,632
85.7,72.4,78.2,0.0,0.0,0.0,13.0,255.08,9.9,63.2,72.03,Partially cloudy,2020-07-22,611
80.0,65.7,73.5,0.0,0.0,0.0,12.8,199.21,9.9,37.9,64.84,Partially cloudy,2020-07-23,565
83.7,66.4,75.7,0.0,0.0,0.0,9.7,195.25,9.9,36.8,71.22,Partially cloudy,2020-07-24,627
89.8,70.1,80.8,0.0,0.0,0.0,10.0,179.08,9.6,40.0,62.95,Partially cloudy,2020-07-25,649
94.5,75.8,85.0,0.04,0.0,0.0,17.9,226.0,9.9,47.7,64.76,"Rain, Partially cloudy",2020-07-26,657
85.1,74.9,78.7,0.15,0.0,0.0,15.1,274.92,9.9,53.4,72.9,"Rain, Partially cloudy",2020-07-27,616
87.9,69.0,79.0,0.0,0.0,0.0,15.2,257.83,9.9,30.9,53.97,Partially cloudy,2020-07-28,621
88.6,72.9,79.6,0.16,0.0,0.0,13.0,195.38,9.8,66.1,62.19,"Rain, Partially cloudy",2020-07-29,619
82.5,71.4,77.1,0.03,0.0,0.0,17.9,56.63,9.9,67.4,60.79,"Rain, Partially cloudy",2020-07-30,603
79.7,68.8,74.4,0.0,0.0,0.0,14.0,108.04,9.9,53.0,62.78,Partially cloudy,2020-07-31,627
79.2,70.0,74.1,0.06,0.0,0.0,10.6,44.38,9.9,65.2,67.99,"Rain, Partially cloudy",2020-08-01,677
83.7,66.2,72.3,0.17,0.0,0.0,15.2,206.5,9.5,59.1,76.36,"Rain, Partially cloudy",2020-08-02,566
70.7,64.6,67.3,0.0,0.0,0.0,16.7,243.42,9.9,79.6,78.45,Overcast,2020-08-03,603
73.5,59.1,66.7,0.0,0.0,0.0,15.6,152.46,9.9,35.7,54.58,Partially cloudy,2020-08-04,541
75.8,56.5,68.1,0.0,0.0,0.0,9.8,246.0,9.9,51.1,55.65,Partially cloudy,2020-08-05,572
79.0,65.1,72.6,0.0,0.0,0.0,9.0,171.0,9.9,51.2,53.92,Partially cloudy,2020-08-06,604
83.3,62.6,74.3,0.0,0.0,0.0,11.1,108.71,9.9,31.2,56.42,Partially cloudy,2020-08-07,594
87.8,68.0,78.0,0.0,0.0,0.0,13.9,193.5,9.9,39.7,57.51,Partially cloudy,2020-08-08,662
90.0,72.7,81.2,0.06,0.0,0.0,16.0,200.17,9.9,42.3,66.98,"Rain, Partially cloudy",2020-08-09,652
89.4,70.4,77.7,0.44,0.0,0.0,30.7,193.0,9.6,60.2,79.74,"Rain, Partially cloudy",2020-08-10,947
81.8,66.8,74.4,0.0,0.0,0.0,10.3,148.58,9.9,47.2,60.57,Partially cloudy,2020-08-11,594
83.7,63.0,75.0,0.0,0.0,0.0,11.1,98.83,9.9,37.4,58.16,Partially cloudy,2020-08-12,601
83.7,70.6,77.4,0.0,0.0,0.0,10.2,63.83,9.9,37.3,60.58,Partially cloudy,2020-08-13,647
88.1,70.7,79.2,0.0,0.0,0.0,12.3,50.04,9.9,15.1,57.05,Clear,2020-08-14,641
88.4,71.1,78.2,0.07,0.0,0.0,12.2,235.79,9.9,48.6,66.18,"Rain, Partially cloudy",2020-08-15,624
83.5,64.9,74.7,0.0,0.0,0.0,13.0,179.58,9.9,32.6,53.45,Partially cloudy,2020-08-16,670
83.3,69.5,76.5,0.0,0.0,0.0,8.7,177.75,9.9,51.1,48.7,Partially cloudy,2020-08-17,640
77.1,68.9,73.0,0.0,0.0,0.0,17.2,63.25,9.9,43.3,51.53,Partially cloudy,2020-08-18,614
79.6,62.5,71.8,0.0,0.0,0.0,9.9,152.17,9.9,18.9,54.03,Clear,2020-08-19,627
84.5,63.1,74.8,0.0,0.0,0.0,10.2,215.75,9.9,17.4,48.46,Clear,2020-08-20,640
86.4,65.9,76.9,0.0,0.0,0.0,8.8,233.21,9.9,21.6,52.8,Clear,2020-08-21,652
87.7,68.3,78.2,0.0,0.0,0.0,14.6,228.5,9.9,32.7,54.19,Partially cloudy,2020-08-22,643
89.5,70.2,79.1,0.17,0.0,0.0,15.0,201.92,9.9,58.1,59.04,"Rain, Partially cloudy",2020-08-23,624
95.5,72.0,84.0,0.0,0.0,0.0,12.4,250.96,9.8,24.9,60.38,Clear,2020-08-24,634
88.2,76.2,81.9,0.04,0.0,0.0,17.8,160.17,9.9,43.1,59.26,"Rain, Partially cloudy",2020-08-25,638
92.3,75.1,83.6,0.0,0.0,0.0,17.0,217.46,9.9,18.0,60.77,Clear,2020-08-26,645
93.8,77.4,85.1,0.0,0.0,0.0,15.7,233.29,9.9,32.2,63.44,Partially cloudy,2020-08-27,589
93.7,76.2,84.9,0.05,0.0,0.0,15.8,236.33,9.9,37.2,64.38,"Rain, Partially cloudy",2020-08-28,666
82.6,70.5,77.1,0.0,0.0,0.0,18.8,326.83,9.9,43.7,50.11,Partially cloudy,2020-08-29,645
77.3,63.9,71.3,0.0,0.0,0.0,12.5,139.04,9.9,56.4,57.32,Partially cloudy,2020-08-30,659
84.4,65.6,75.2,0.0,0.0,0.0,14.6,182.83,9.9,55.3,56.16,Partially cloudy,2020-08-31,693
75.4,69.4,71.5,0.32,0.0,0.0,12.2,136.0,9.1,83.0,80.08,"Rain, Overcast",2020-09-01,658
86.9,70.3,76.5,0.03,0.0,0.0,17.0,256.13,9.2,60.2,62.11,"Rain, Partially cloudy",2020-09-02,576
87.4,66.8,75.5,0.0,0.0,0.0,23.8,259.75,9.9,30.8,51.69,Partially cloudy,2020-09-03,573
79.1,56.7,68.9,0.0,0.0,0.0,16.4,280.13,9.9,17.9,42.99,Clear,2020-09-04,648
82.2,64.5,72.5,0.0,0.0,0.0,18.6,207.92,9.9,29.4,47.78,Partially cloudy,2020-09-05,671
82.2,59.9,70.6,0.48,0.0,0.0,20.6,190.46,9.4,67.3,69.62,"Rain, Partially cloudy",2020-09-06,645
78.7,65.8,72.7,0.0,0.0,0.0,18.9,168.79,9.9,63.0,59.89,Partially cloudy,2020-09-07,601
67.5,61.0,63.1,0.87,0.0,0.0,19.6,78.63,7.5,91.3,87.45,"Rain, Overcast",2020-09-08,544
65.2,60.6,62.6,0.41,0.0,0.0,14.2,27.46,8.7,98.6,85.6,"Rain, Overcast",2020-09-09,542
66.1,57.1,61.7,0.14,0.0,0.0,15.8,71.83,9.1,91.6,78.86,"Rain, Overcast",2020-09-10,565
68.6,61.8,64.6,0.04,0.0,0.0,11.9,76.96,9.2,85.4,79.03,"Rain, Overcast",2020-09-11,659
72.9,64.4,67.8,0.3,0.0,0.0,11.9,184.21,7.7,86.0,84.75,"Rain, Overcast",2020-09-12,562
75.6,61.0,67.0,0.02,0.0,0.0,10.8,217.04,9.9,36.3,72.5,"Rain, Partially cloudy",2020-09-13,583
74.5,57.6,65.6,0.0,0.0,0.0,8.3,88.63,9.9,51.6,73.58,Partially cloudy,2020-09-14,589
78.3,59.0,68.5,0.0,0.0,0.0,13.7,183.13,9.9,74.1,65.06,Partially cloudy,2020-09-15,604
83.1,61.4,71.3,0.0,0.0,0.0,14.2,207.0,9.9,70.5,61.53,Partially cloudy,2020-09-16,617
70.5,60.4,65.5,0.0,0.0,0.0,18.0,37.54,9.8,51.4,60.78,Partially cloudy,2020-09-17,533
60.6,49.9,57.7,0.0,0.0,0.0,18.6,64.92,9.9,41.5,51.74,Partially cloudy,2020-09-18,577
64.4,47.3,55.5,0.0,0.0,0.0,10.2,153.5,9.9,23.9,53.56,Clear,2020-09-19,587
72.0,49.3,60.8,0.0,0.0,0.0,12.5,95.83,9.9,19.8,49.53,Clear,2020-09-20,596
74.9,51.8,63.8,0.0,0.0,0.0,10.4,164.08,9.9,32.7,46.59,Partially cloudy,2020-09-21,564
78.6,54.4,66.9,0.0,0.0,0.0,10.0,206.29,9.9,29.8,55.53,Partially cloudy,2020-09-22,542
78.5,58.0,68.2,0.0,0.0,0.0,10.6,235.83,9.9,54.9,63.75,Partially cloudy,2020-09-23,630
78.9,56.3,68.3,0.0,0.0,0.0,13.2,213.38,9.9,44.3,62.05,Partially cloudy,2020-09-24,568
80.1,59.1,70.6,0.0,0.0,0.0,14.3,196.96,9.9,12.7,55.82,Clear,2020-09-25,677
78.0,63.5,69.8,0.0,0.0,0.0,21.1,201.13,9.7,67.0,71.16,Partially cloudy,2020-09-26,628
76.8,56.7,68.9,0.03,0.0,0.0,18.8,267.75,9.9,66.6,64.93,"Rain, Partially cloudy",2020-09-27,655
61.0,53.1,55.7,0.34,0.0,0.0,13.6,268.54,9.5,72.6,78.34,"Rain, Partially cloudy",2020-09-28,547
60.4,45.7,53.6,0.0,0.0,0.0,14.4,248.63,9.9,40.9,70.83,Partially cloudy,2020-09-29,515
67.0,51.8,57.7,0.0,0.0,0.0,23.6,257.21,9.9,54.5,59.68,Partially cloudy,2020-09-30,579
56.2,48.1,51.7,0.27,0.0,0.0,17.3,287.71,9.9,53.0,70.22,"Rain, Partially cloudy",2020-10-01,613
55.3,43.6,49.0,0.0,0.0,0.0,14.9,269.5,9.9,42.4,60.17,Partially cloudy,2020-10-02,550
56.6,46.3,50.4,0.11,0.0,0.0,7.9,225.29,9.8,81.3,62.9,"Rain, Overcast",2020-10-03,603
56.0,42.5,48.4,0.07,0.0,0.0,16.1,330.25,9.9,55.1,66.76,"Rain, Partially cloudy",2020-10-04,581
62.3,37.8,51.0,0.0,0.0,0.0,18.0,221.13,9.9,17.3,52.49,Clear,2020-10-05,566
74.4,51.5,61.4,0.0,0.0,0.0,18.1,229.71,9.9,26.9,48.39,Partially cloudy,2020-10-06,595
75.5,57.6,66.4,0.0,0.0,0.0,16.1,245.5,9.9,3.2,47.33,Clear,2020-10-07,610
69.7,49.4,58.3,0.0,0.0,0.0,13.6,65.25,9.9,3.1,62.73,Clear,2020-10-08,559
81.4,51.6,66.6,0.0,0.0,0.0,20.8,182.46,9.5,22.4,52.39,Clear,2020-10-09,655
75.3,57.7,65.9,0.0,0.0,0.0,16.3,154.67,9.9,34.0,68.7,Partially cloudy,2020-10-10,674
67.4,56.8,62.8,0.0,0.0,0.0,12.7,72.21,9.9,53.6,70.07,Partially cloudy,2020-10-11,649
66.2,51.5,59.8,0.23,0.0,0.0,17.9,209.71,8.9,44.8,78.4,"Rain, Partially cloudy",2020-10-12,568
73.1,44.2,57.7,0.0,0.0,0.0,22.3,238.46,9.9,30.8,47.63,Partially cloudy,2020-10-13,590
78.4,47.4,62.2,0.0,0.0,0.0,24.5,213.17,9.9,80.6,42.1,Overcast,2020-10-14,645
65.6,44.6,53.5,0.0,0.0,0.0,24.8,284.17,9.9,69.2,41.9,Partially cloudy,2020-10-15,643
54.2,36.9,45.1,0.01,0.0,0.0,16.4,243.13,9.9,37.7,47.33,"Rain, Partially cloudy",2020-10-16,572
64.9,38.1,52.3,0.0,0.0,0.0,25.5,187.79,9.9,84.9,39.85,Overcast,2020-10-17,615
59.5,39.7,48.9,0.2,0.0,0.0,20.0,253.33,9.8,95.7,64.66,"Rain, Overcast",2020-10-18,558
49.8,39.9,42.8,0.05,0.0,0.0,14.6,204.0,9.3,92.1,75.61,"Rain, Overcast",2020-10-19,526
53.2,41.9,47.0,0.13,0.0,0.0,12.9,140.88,8.3,98.6,75.21,"Rain, Overcast",2020-10-20,551
57.5,47.0,51.2,0.21,0.0,0.0,13.7,181.92,8.4,92.7,74.62,"Rain, Overcast",2020-10-21,579
77.8,47.7,60.4,2.04,0.0,0.0,15.4,142.88,6.1,80.7,80.67,"Rain, Overcast",2020-10-22,605
71.1,42.8,55.2,0.52,0.0,0.0,18.2,283.63,8.6,85.2,78.16,"Rain, Overcast",2020-10-23,580
45.9,35.2,40.9,0.0,0.0,0.0,12.9,202.5,9.9,64.7,64.59,Partially cloudy,2020-10-24,553
47.0,41.5,44.3,0.0,0.0,0.0,14.0,31.58,9.9,98.6,66.06,Overcast,2020-10-25,646
42.5,34.1,37.4,0.03,0.0,0.0,15.0,346.21,9.0,100.0,76.31,"Rain, Overcast",2020-10-26,545
37.4,34.1,35.8,0.06,0.0,0.0,7.7,285.79,8.1,96.2,75.03,"Rain, Overcast",2020-10-27,518
50.9,31.6,41.2,0.0,0.0,0.0,12.9,230.92,9.9,58.3,59.04,Partially cloudy,2020-10-28,548
49.4,37.7,43.8,0.0,0.0,0.0,23.4,132.96,9.9,94.3,66.04,Overcast,2020-10-29,582
43.1,30.6,36.6,0.0,0.0,0.0,10.8,216.25,9.9,24.2,56.37,Clear,2020-10-30,618
59.0,31.1,45.4,0.01,0.0,0.0,21.1,176.58,9.9,20.5,58.31,Rain,2020-10-31,622
54.5,32.3,40.7,0.0,0.0,0.0,27.9,292.88,9.9,46.2,44.47,Partially cloudy,2020-11-01,664
50.5,28.2,39.0,0.0,0.0,0.0,20.1,247.63,9.9,41.6,44.43,Partially cloudy,2020-11-02,594
69.9,38.4,53.4,0.0,0.0,0.0,13.9,220.29,9.9,5.3,45.69,Clear,2020-11-03,617
73.9,49.8,61.2,0.0,0.0,0.0,19.9,211.21,9.9,22.5,48.7,Clear,2020-11-04,658
71.1,57.1,62.3,0.0,0.0,0.0,14.6,222.75,9.9,55.2,49.35,Partially cloudy,2020-11-05,647
74.0,49.1,61.3,0.0,0.0,0.0,15.3,209.42,9.9,31.8,58.61,Partially cloudy,2020-11-06,665
71.4,53.4,61.8,0.0,0.0,0.0,14.1,199.0,9.9,25.9,54.96,Partially cloudy,2020-11-07,621
76.5,54.3,65.3,0.0,0.0,0.0,15.9,174.54,9.9,50.6,63.12,Partially cloudy,2020-11-08,597
75.5,63.1,69.5,0.0,0.0,0.0,17.1,187.04,9.9,75.9,62.51,Overcast,2020-11-09,619
74.1,49.9,67.5,0.45,0.0,0.0,26.0,206.67,9.6,94.7,71.3,"Rain, Overcast",2020-11-10,595
45.8,35.4,40.1,0.32,0.0,0.0,24.4,256.63,9.9,50.3,65.22,"Rain, Partially cloudy",2020-11-11,486
53.5,34.8,43.9,0.0,0.0,0.0,12.5,195.04,9.9,45.8,62.52,Partially cloudy,2020-11-12,519
46.8,32.8,38.4,0.0,0.0,0.0,16.9,274.58,9.9,50.6,62.62,Partially cloudy,2020-11-13,532
48.0,29.1,37.8,0.13,0.0,0.0,16.5,152.92,9.5,59.4,72.15,"Rain, Partially cloudy",2020-11-14,470
55.1,36.0,44.6,0.19,0.0,0.0,31.6,246.0,9.5,94.5,71.42,"Rain, Overcast",2020-11-15,515
46.8,31.9,39.2,0.0,0.0,0.0,16.9,256.0,9.9,29.6,57.48,Partially cloudy,2020-11-16,512
42.2,29.6,36.5,0.0,0.0,0.0,20.4,298.63,9.9,40.5,49.07,Partially cloudy,2020-11-17,498
50.2,34.4,43.0,0.0,0.0,0.0,22.9,190.71,9.9,76.3,43.76,Overcast,2020-11-18,500
65.8,45.8,56.1,0.0,0.0,0.0,27.3,209.08,9.9,79.2,36.76,Overcast,2020-11-19,517
62.1,48.0,56.2,0.0,0.0,0.0,20.4,267.08,9.9,51.3,46.41,Partially cloudy,2020-11-20,640
45.9,38.3,42.1,0.0,0.0,0.0,11.0,107.46,9.9,79.0,67.51,Overcast,2020-11-21,534
45.5,40.6,42.8,0.02,0.0,0.0,8.7,187.25,9.7,90.1,70.98,"Rain, Overcast",2020-11-22,510
45.1,33.2,39.6,0.0,0.0,0.0,10.8,242.71,9.9,50.5,64.83,Partially cloudy,2020-11-23,533
44.9,33.3,38.7,0.42,0.0,0.0,13.2,148.54,5.8,97.1,80.79,"Rain, Overcast",2020-11-24,501
47.0,44.4,45.4,0.42,0.0,0.0,11.8,148.33,3.7,98.3,91.28,"Rain, Overcast",2020-11-25,482
46.1,40.2,43.1,0.0,0.0,0.0,15.7,248.08,8.9,83.1,81.36,Overcast,2020-11-26,390
45.1,35.1,40.6,0.0,0.0,0.0,11.5,253.08,8.2,67.4,77.39,Partially cloudy,2020-11-27,576
49.0,29.2,38.9,0.0,0.0,0.0,16.5,232.88,9.9,6.5,64.25,Clear,2020-11-28,490
49.5,36.5,42.0,0.0,0.0,0.0,21.1,254.67,9.9,58.6,63.19,Partially cloudy,2020-11-29,529
37.8,29.1,32.7,0.0,0.0,0.0,21.9,337.58,9.9,100.0,56.67,Overcast,2020-11-30,485
33.6,26.1,29.5,0.0,0.0,0.0,18.0,304.33,9.9,64.0,59.31,Partially cloudy,2020-12-01,567
47.6,25.1,34.4,0.0,0.0,0.0,11.5,271.38,9.9,33.5,52.13,Partially cloudy,2020-12-02,508
45.9,30.1,36.6,0.0,0.0,0.0,17.3,244.79,9.9,46.2,55.68,Partially cloudy,2020-12-03,472
45.2,32.9,37.6,0.0,0.0,0.0,13.2,210.96,9.9,29.6,64.55,Partially cloudy,2020-12-04,579
40.0,30.6,34.8,0.0,0.0,0.0,8.7,185.33,9.9,76.0,69.84,Overcast,2020-12-05,559
36.4,34.2,35.3,0.0,0.0,0.0,8.2,275.08,9.6,98.1,76.95,Overcast,2020-12-06,565
37.7,34.1,35.9,0.0,0.0,0.0,7.7,225.83,9.5,100.0,70.67,Overcast,2020-12-07,549
36.7,33.8,34.9,0.0,0.0,0.0,15.7,254.96,8.8,100.0,69.95,Overcast,2020-12-08,545
52.2,32.1,40.4,0.0,0.0,0.0,12.2,265.21,8.0,35.0,69.45,Partially cloudy,2020-12-09,519
56.9,32.1,43.4,0.0,0.0,0.0,12.3,136.88,9.6,35.5,66.11,Partially cloudy,2020-12-10,568
44.6,37.1,41.8,0.56,0.0,0.0,20.1,72.29,6.9,91.0,81.44,"Rain, Overcast",2020-12-11,496
42.2,33.9,39.1,1.03,0.0,0.0,16.7,170.96,6.5,100.0,85.49,"Rain, Overcast",2020-12-12,497
36.7,28.1,31.9,0.0,0.0,0.0,14.3,262.0,9.9,75.2,73.96,Overcast,2020-12-13,550
31.7,24.4,28.8,0.0,0.0,0.0,15.5,310.5,9.9,77.8,58.0,Overcast,2020-12-14,549
33.2,20.6,26.9,0.0,0.0,0.0,15.1,231.71,9.9,87.7,55.93,Overcast,2020-12-15,567
33.9,29.2,31.5,0.0,0.0,0.0,13.3,65.08,9.4,99.4,68.08,Overcast,2020-12-16,524
34.8,30.0,33.2,0.0,0.0,0.0,8.5,297.21,9.8,93.3,64.29,Overcast,2020-12-17,516
36.4,24.5,30.7,0.0,0.0,0.0,15.5,190.33,9.2,48.5,71.47,Partially cloudy,2020-12-18,561
43.8,34.4,39.4,0.0,0.0,0.0,14.7,225.42,9.5,97.1,72.18,Overcast,2020-12-19,528
41.1,32.0,36.3,0.0,0.0,0.0,14.3,239.71,9.3,67.6,68.96,Partially cloudy,2020-12-20,541
45.9,33.8,38.8,0.0,0.0,0.0,23.1,242.25,9.6,88.6,67.21,Overcast,2020-12-21,609
40.0,32.1,37.4,0.0,0.0,0.0,17.2,240.33,9.9,64.3,65.06,Partially cloudy,2020-12-22,578
57.0,32.9,47.5,0.11,0.0,0.0,30.0,197.75,9.8,87.8,57.66,"Rain, Overcast",2020-12-23,581
29.4,13.0,16.7,0.0,0.0,0.0,27.6,276.0,9.1,94.4,57.69,Overcast,2020-12-24,494
21.8,8.8,15.3,0.0,0.0,0.0,18.9,282.0,9.9,52.1,56.23,Partially cloudy,2020-12-25,399
34.6,19.2,25.0,0.0,0.0,0.0,17.0,235.0,9.9,54.0,59.46,Partially cloudy,2020-12-26,437
46.7,23.8,34.9,0.0,0.0,0.0,18.7,171.63,9.8,84.2,70.78,Overcast,2020-12-27,493
34.5,23.8,30.7,0.0,0.0,0.0,17.1,292.04,9.9,57.5,62.61,Partially cloudy,2020-12-28,527
31.7,18.2,25.4,0.13,0.0,0.0,18.9,164.38,8.3,69.3,70.98,"Rain, Partially cloudy",2020-12-29,427
35.8,26.2,31.9,0.37,1.95,1.95,21.8,238.96,7.4,99.9,77.24,"Snow, Overcast",2020-12-30,469
27.6,23.9,25.4,0.0,0.0,1.72,8.7,239.54,9.4,86.9,69.29,Overcast,2020-12-31,548
34.6,25.7,31.7,0.29,0.0,0.0,18.3,100.88,4.9,97.0,83.86,"Rain, Overcast",2021-01-01,654
34.5,31.1,32.9,0.03,1.82,1.82,10.0,149.92,5.4,99.9,85.07,"Snow, Overcast",2021-01-02,446
32.8,26.6,30.9,0.02,0.15,1.97,9.6,261.04,6.5,99.8,85.02,"Snow, Overcast",2021-01-03,505
29.6,25.3,27.7,0.0,0.0,1.97,11.6,231.21,3.8,98.2,88.23,Overcast,2021-01-04,524
34.3,30.6,32.7,0.0,0.0,1.97,9.4,275.79,6.8,98.7,81.63,Overcast,2021-01-05,532
37.3,31.2,34.7,0.0,0.0,1.71,7.2,131.54,6.8,92.1,76.28,Overcast,2021-01-06,481
37.7,35.1,36.6,0.0,0.0,1.31,12.6,56.38,9.8,99.6,62.66,Overcast,2021-01-07,571
35.8,30.2,33.3,0.01,0.0,0.66,15.3,173.58,9.3,99.8,70.19,"Rain, Overcast",2021-01-08,583
35.5,28.2,31.8,0.0,0.0,0.39,9.7,232.38,9.9,85.8,68.05,Overcast,2021-01-09,494
29.7,23.9,27.9,0.0,0.0,0.39,10.1,277.88,9.6,98.1,72.41,Overcast,2021-01-10,557
29.3,23.4,26.8,0.0,0.0,0.39,15.0,233.46,8.6,92.9,78.42,Overcast,2021-01-11,487
35.8,27.3,31.8,0.0,0.0,0.39,13.6,222.5,9.2,31.6,76.38,Partially cloudy,2021-01-12,563
39.6,31.7,36.6,0.0,0.0,0.39,11.9,211.83,9.7,79.2,74.09,Overcast,2021-01-13,512
39.6,33.7,36.5,0.2,0.0,0.13,12.9,175.96,9.0,85.5,79.87,"Rain, Overcast",2021-01-14,533
36.3,30.4,34.0,0.01,0.25,0.25,10.1,196.13,8.6,83.9,81.05,"Snow, Overcast",2021-01-15,572
36.5,30.4,34.3,0.08,0.15,0.39,10.3,276.42,7.4,99.8,82.23,"Snow, Overcast",2021-01-16,485
33.0,28.4,30.5,0.04,0.25,0.25,8.3,261.75,6.6,98.5,83.59,"Snow, Overcast",2021-01-17,532
28.9,22.9,27.3,0.0,0.34,0.58,13.5,261.5,9.7,86.6,71.83,"Snow, Overcast",2021-01-18,472
30.6,21.3,25.9,0.02,0.99,1.38,16.1,261.04,7.7,89.1,72.97,"Snow, Overcast",2021-01-19,518
33.8,16.2,25.0,0.0,0.59,1.97,18.9,232.38,9.9,42.7,65.89,"Snow, Partially cloudy",2021-01-20,528
38.3,27.5,34.8,0.0,0.0,1.57,20.5,264.13,9.9,33.0,57.73,Partially cloudy,2021-01-21,584
24.9,12.4,17.5,0.0,0.0,0.52,16.7,303.29,9.9,14.0,50.72,Clear,2021-01-22,513
29.8,11.6,23.3,0.0,0.0,0.0,9.0,206.0,9.9,65.7,51.81,Partially cloudy,2021-01-23,521
33.6,28.9,31.2,0.01,0.0,0.0,9.3,208.46,8.8,100.0,69.63,"Rain, Overcast",2021-01-24,503
33.6,30.4,31.8,0.07,3.2,3.2,19.7,91.71,6.9,99.5,75.31,"Snow, Overcast",2021-01-25,538
31.8,24.8,29.7,0.08,2.38,5.12,18.5,152.33,5.4,99.9,79.51,"Snow, Overcast",2021-01-26,430
26.8,14.5,22.7,0.0,0.3,5.11,12.9,302.08,9.9,74.0,68.41,"Snow, Partially cloudy",2021-01-27,509
23.2,12.5,18.4,0.0,0.0,4.98,9.4,290.5,9.9,40.0,54.53,Partially cloudy,2021-01-28,469
31.0,18.9,26.6,0.0,0.0,4.79,11.2,134.29,9.9,69.5,55.69,Partially cloudy,2021-01-29,482
33.1,29.6,31.1,0.13,4.3,8.43,20.2,117.42,6.1,92.1,69.81,"Snow, Overcast",2021-01-30,459
32.9,29.8,31.4,0.09,4.3,12.74,17.0,80.79,3.5,99.8,84.13,"Snow, Overcast",2021-01-31,333
31.9,22.0,28.2,0.0,1.03,13.77,14.8,338.5,9.9,60.9,70.7,"Snow, Partially cloudy",2021-02-01,498
32.1,21.6,27.0,0.0,0.0,13.24,13.3,325.71,9.9,68.9,68.12,Partially cloudy,2021-02-02,487
32.3,18.3,27.3,0.0,0.0,12.19,9.9,231.75,9.8,44.7,67.17,Partially cloudy,2021-02-03,485
36.3,16.9,30.7,0.25,0.24,11.28,22.8,202.54,6.1,95.5,72.47,"Snow, Overcast",2021-02-04,426
15.9,8.3,12.7,0.0,0.15,11.4,23.5,261.17,9.7,31.2,62.91,"Snow, Partially cloudy",2021-02-05,462
11.5,1.2,8.1,0.02,0.12,11.01,13.1,265.38,7.9,56.6,65.57,"Snow, Partially cloudy",2021-02-06,400
3.4,-3.5,0.5,0.0,0.07,11.01,11.2,288.79,9.9,61.1,55.26,"Snow, Partially cloudy",2021-02-07,381
13.5,2.4,9.2,0.04,2.46,13.27,9.2,285.5,5.8,92.9,68.27,"Snow, Overcast",2021-02-08,405
14.8,4.3,9.4,0.0,1.48,14.75,10.4,329.08,9.7,46.8,51.66,"Snow, Partially cloudy",2021-02-09,421
15.6,7.5,12.3,0.01,0.0,13.83,13.2,338.21,8.5,91.0,57.76,"Rain, Overcast",2021-02-10,412
21.9,6.5,15.7,0.0,0.37,12.46,12.8,161.88,8.1,79.9,65.72,"Snow, Overcast",2021-02-11,427
16.3,7.6,13.1,0.01,0.47,12.84,13.1,315.42,8.3,94.7,65.21,"Snow, Overcast",2021-02-12,469
10.2,-2.4,5.9,0.02,0.88,13.72,13.5,321.13,5.4,67.9,68.54,"Snow, Partially cloudy",2021-02-13,408
3.0,-2.8,0.8,0.01,0.81,14.53,15.5,328.21,7.3,85.6,56.91,"Snow, Overcast",2021-02-14,399
12.5,1.1,7.5,0.09,7.61,22.14,17.4,301.04,2.1,75.6,73.58,"Snow, Overcast",2021-02-15,323
19.5,8.9,14.5,0.01,4.44,26.58,14.3,314.58,8.2,85.4,66.69,"Snow, Overcast",2021-02-16,351
21.9,10.0,16.7,0.0,0.0,24.21,8.4,181.08,9.5,84.6,62.97,Overcast,2021-02-17,418
24.4,15.6,20.2,0.02,0.0,21.98,6.7,134.88,6.5,79.5,70.58,"Rain, Overcast",2021-02-18,420
19.6,11.3,15.5,0.0,0.0,20.67,12.8,264.58,8.3,39.9,67.63,Partially cloudy,2021-02-19,460
29.0,7.2,18.9,0.0,0.0,19.22,8.3,209.21,8.1,13.3,66.22,Clear,2021-02-20,455
35.7,19.0,30.1,0.26,0.0,17.77,16.5,169.46,7.4,83.3,69.93,"Rain, Overcast",2021-02-21,452
39.0,29.1,34.2,0.0,0.0,17.05,18.8,243.17,8.5,89.7,72.81,Overcast,2021-02-22,487
43.9,37.5,41.1,0.0,0.0,15.08,12.9,231.21,9.9,45.6,64.89,Partially cloudy,2021-02-23,535
43.0,30.1,39.0,0.0,0.0,11.93,16.6,287.08,9.9,43.8,67.85,Partially cloudy,2021-02-24,512
38.1,27.0,32.7,0.0,0.0,7.92,11.7,261.71,9.9,34.4,64.78,Partially cloudy,2021-02-25,508
40.7,27.4,35.8,0.03,1.74,7.04,12.9,174.17,9.4,51.6,59.25,"Snow, Partially cloudy",2021-02-26,553
48.2,35.0,41.7,0.01,0.0,6.3,9.2,183.88,7.8,54.5,74.05,"Rain, Partially cloudy",2021-02-27,556
45.4,32.5,40.8,0.06,0.0,4.86,17.7,236.13,7.5,79.7,81.18,"Rain, Overcast",2021-02-28,555
33.2,23.4,29.3,0.0,0.0,3.54,12.3,310.5,9.9,25.4,54.31,Partially cloudy,2021-03-01,554
41.3,23.0,34.6,0.0,0.0,2.62,16.6,220.5,9.9,3.8,57.82,Clear,2021-03-02,496
53.6,35.2,43.5,0.0,0.0,2.1,10.0,157.67,9.8,5.9,59.34,Clear,2021-03-03,537
35.7,27.7,33.0,0.0,0.0,0.92,17.4,49.0,9.9,38.7,66.07,Partially cloudy,2021-03-04,513
45.7,27.2,36.3,0.0,0.0,0.13,11.4,217.21,9.9,25.0,53.2,Clear,2021-03-05,511
42.3,29.1,35.9,0.0,0.0,0.0,7.8,133.25,9.9,11.1,60.03,Clear,2021-03-06,517
51.3,26.5,39.8,0.0,0.0,0.0,12.3,142.63,9.9,54.7,54.24,Partially cloudy,2021-03-07,485
64.0,43.5,53.0,0.0,0.0,0.0,20.0,237.83,9.9,51.2,48.82,Partially cloudy,2021-03-08,529
68.1,42.8,55.5,0.0,0.0,0.0,20.1,176.25,9.9,69.8,47.54,Partially cloudy,2021-03-09,573
68.4,56.4,61.3,0.0,0.0,0.0,24.5,198.92,9.9,93.8,55.21,Overcast,2021-03-10,532
64.2,44.1,52.3,0.05,0.0,0.0,23.8,257.21,9.9,45.6,58.26,"Rain, Partially cloudy",2021-03-11,461
52.8,37.0,43.8,0.0,0.0,0.0,12.2,183.38,9.9,63.5,52.37,Partially cloudy,2021-03-12,514
58.9,32.5,45.8,0.0,0.0,0.0,9.8,184.17,9.9,54.2,44.52,Partially cloudy,2021-03-13,488
46.2,37.3,42.0,0.0,0.0,0.0,22.8,97.58,9.9,77.1,52.13,Overcast,2021-03-14,448
39.5,29.7,34.1,0.09,1.05,1.05,22.7,103.0,6.5,92.1,64.87,"Snow, Overcast",2021-03-15,465
37.9,33.3,35.5,0.0,0.52,1.57,10.6,49.88,7.1,100.0,80.58,"Snow, Overcast",2021-03-16,466
40.0,33.8,36.8,0.4,0.0,0.46,20.8,55.17,5.8,99.9,81.31,"Rain, Overcast",2021-03-17,492
42.2,37.8,39.0,0.14,0.0,0.0,30.6,29.96,8.8,87.8,74.51,"Rain, Overcast",2021-03-18,435
45.4,34.0,38.8,0.0,0.0,0.0,21.0,60.5,9.9,12.6,46.07,Clear,2021-03-19,490
57.8,30.9,44.1,0.0,0.0,0.0,10.0,133.13,9.9,0.0,48.71,Clear,2021-03-20,475
64.9,37.9,52.6,0.0,0.0,0.0,17.8,183.04,9.9,37.2,37.21,Partially cloudy,2021-03-21,537
67.9,47.2,57.0,0.0,0.0,0.0,17.7,183.0,9.9,72.9,37.95,Partially cloudy,2021-03-22,581
65.1,50.9,57.0,0.17,0.0,0.0,16.1,134.29,9.6,95.2,60.99,"Rain, Overcast",2021-03-23,468
58.5,48.3,54.9,0.02,0.0,0.0,22.6,212.63,9.8,93.9,71.35,"Rain, Overcast",2021-03-24,479
49.4,38.7,45.1,0.09,0.0,0.0,23.0,103.63,9.4,92.2,73.87,"Rain, Overcast",2021-03-25,444
41.7,35.8,39.1,0.06,0.0,0.0,18.9,186.04,9.8,90.5,78.97,"Rain, Overcast",2021-03-26,500
63.9,37.3,51.6,0.0,0.0,0.0,15.4,150.79,8.8,92.1,73.78,Overcast,2021-03-27,473
51.5,36.4,43.8,0.0,0.0,0.0,25.6,295.88,9.9,65.2,51.32,Partially cloudy,2021-03-28,530
62.2,31.6,47.7,0.0,0.0,0.0,24.2,205.29,9.9,25.7,47.25,Partially cloudy,2021-03-29,481
67.7,47.6,56.5,0.0,0.0,0.0,22.7,234.46,9.9,65.4,39.51,Partially cloudy,2021-03-30,500
44.8,34.8,39.1,0.0,0.0,0.0,18.6,297.42,9.9,53.1,37.87,Partially cloudy,2021-03-31,455
38.1,25.4,32.6,0.0,0.0,0.0,18.0,138.29,9.9,28.6,44.26,Partially cloudy,2021-04-01,507
50.0,26.6,39.7,0.0,0.0,0.0,14.5,170.63,9.9,13.5,39.2,Clear,2021-04-02,492
70.8,40.7,55.1,0.0,0.0,0.0,21.4,232.54,9.9,21.1,35.95,Clear,2021-04-03,528
75.2,45.3,61.8,0.0,0.0,0.0,11.9,150.96,9.8,33.4,42.57,Partially cloudy,2021-04-04,524
76.5,60.1,67.6,0.0,0.0,0.0,14.6,208.63,9.9,70.6,47.45,Partially cloudy,2021-04-05,507
81.3,58.5,70.8,0.0,0.0,0.0,18.1,210.7,9.9,69.8,45.68,Partially cloudy,2021-04-06,517
